proj,files,totalLines,commentLines,blankLines,lineOfCodes,class,property,method,functions,operator,size(bytes),size
R-sharp\Library\base\base.NET5.vbproj,base\base.vb,31,17,2,12,1,0,0,1,0,1230,1.23 KB
R-sharp\Library\base\base.NET5.vbproj,base\DataModes.vb,5,0,0,5,1,0,0,0,0,68,68 B
R-sharp\Library\base\base.NET5.vbproj,base\zzz.vb,6,0,1,5,1,0,1,0,0,101,101 B
R-sharp\Library\base\base.NET5.vbproj,base\base\HDF5utils.vb,32,0,3,29,1,0,0,2,0,1217,1.22 KB
R-sharp\Library\base\base.NET5.vbproj,base\base\HDSutils.vb,134,0,24,110,1,0,1,7,0,4594,4.59 KB
R-sharp\Library\base\base.NET5.vbproj,base\base\IO.vb,161,20,15,126,2,0,0,4,0,6606,6.61 KB
R-sharp\Library\base\base.NET5.vbproj,base\base\netCDFutils.vb,241,28,34,179,1,0,1,10,0,9637,9.64 KB
R-sharp\Library\base\base.NET5.vbproj,base\My Project\Resources.Designer.vb,63,23,8,32,1,2,0,0,0,2770,2.77 KB
R-sharp\Library\base\base.NET5.vbproj,base\utils\buffer.vb,213,31,27,155,1,0,0,8,0,7990,7.99 KB
R-sharp\Library\base\base.NET5.vbproj,base\utils\console.vb,125,25,19,81,1,0,1,6,0,4352,4.35 KB
R-sharp\Library\base\base.NET5.vbproj,base\utils\dataframe.vb,662,75,83,504,1,0,1,26,0,24721,24.72 KB
R-sharp\Library\base\base.NET5.vbproj,base\utils\JSON.vb,255,74,26,155,1,0,0,6,0,9848,9.85 KB
R-sharp\Library\base\base.NET5.vbproj,base\utils\jsonlite.vb,221,147,9,65,1,0,0,5,0,12266,12.27 KB
R-sharp\Library\base\base.NET5.vbproj,base\utils\stringr.vb,145,41,20,84,1,0,1,6,0,5297,5.30 KB
R-sharp\Library\base\base.NET5.vbproj,base\utils\utils.vb,429,95,36,298,1,0,1,9,0,18897,18.90 KB
R-sharp\Library\base\base.NET5.vbproj,base\utils\xlsx.vb,247,40,23,184,1,0,0,7,0,10203,10.20 KB
R-sharp\Library\base\base.NET5.vbproj,<project>,2970,616,330,2024,17,2,7,97,0,119797,119.80 KB
R-sharp\Library\graphics\graphics.NET5.vbproj,graphics\ColorBrewer.vb,213,44,41,128,1,0,0,36,0,7188,7.19 KB
R-sharp\Library\graphics\graphics.NET5.vbproj,graphics\grDevices.vb,488,107,48,333,1,0,0,11,0,20663,20.66 KB
R-sharp\Library\graphics\graphics.NET5.vbproj,graphics\grSVG.vb,47,7,7,33,1,0,0,1,0,1833,1.83 KB
R-sharp\Library\graphics\graphics.NET5.vbproj,graphics\ImageFilters.vb,101,0,16,85,1,0,0,8,0,3977,3.98 KB
R-sharp\Library\graphics\graphics.NET5.vbproj,graphics\Rgraphics.vb,35,22,2,11,1,0,0,1,0,1364,1.36 KB
R-sharp\Library\graphics\graphics.NET5.vbproj,graphics\zzz.vb,34,1,6,27,1,0,2,1,0,1219,1.22 KB
R-sharp\Library\graphics\graphics.NET5.vbproj,graphics\My Project\Resources.Designer.vb,101,48,10,43,1,4,0,0,0,4117,4.12 KB
R-sharp\Library\graphics\graphics.NET5.vbproj,graphics\Plot2D\geometry2D.vb,124,16,16,92,2,0,1,7,0,4874,4.87 KB
R-sharp\Library\graphics\graphics.NET5.vbproj,graphics\Plot2D\gr2DLabeler.vb,98,17,9,72,1,0,0,6,0,3947,3.95 KB
R-sharp\Library\graphics\graphics.NET5.vbproj,graphics\Plot2D\graphics2D.vb,631,84,76,471,1,0,1,25,0,25162,25.16 KB
R-sharp\Library\graphics\graphics.NET5.vbproj,graphics\Plot2D\plots.vb,988,130,96,762,1,0,1,24,0,45243,45.24 KB
R-sharp\Library\graphics\graphics.NET5.vbproj,graphics\Render3D\gr3D.vb,67,15,6,46,1,0,1,3,0,2505,2.50 KB
R-sharp\Library\graphics\graphics.NET5.vbproj,graphics\Render3D\plot3D.vb,83,0,10,73,1,0,1,2,0,3158,3.16 KB
R-sharp\Library\graphics\graphics.NET5.vbproj,<project>,3010,491,343,2176,14,4,7,125,0,125250,125.25 KB
R-sharp\Library\igraph\igraph.NET5.vbproj,igraph\builder.vb,29,8,3,18,1,0,0,1,0,1188,1.19 KB
R-sharp\Library\igraph\igraph.NET5.vbproj,igraph\Comparison.vb,43,18,5,20,1,0,0,2,0,1878,1.88 KB
R-sharp\Library\igraph\igraph.NET5.vbproj,igraph\Dijkstra.vb,73,3,13,57,1,0,1,4,0,2756,2.76 KB
R-sharp\Library\igraph\igraph.NET5.vbproj,igraph\Layouts.vb,259,34,25,200,1,0,0,5,0,11142,11.14 KB
R-sharp\Library\igraph\igraph.NET5.vbproj,igraph\NetworkModule.vb,1253,281,154,818,1,0,1,42,0,48285,48.28 KB
R-sharp\Library\igraph\igraph.NET5.vbproj,igraph\Styler.vb,236,21,27,188,1,0,2,3,0,9238,9.24 KB
R-sharp\Library\igraph\igraph.NET5.vbproj,igraph\Visualize.vb,411,19,48,344,1,0,1,6,0,18750,18.75 KB
R-sharp\Library\igraph\igraph.NET5.vbproj,igraph\zzz.vb,6,0,1,5,1,0,1,0,0,109,109 B
R-sharp\Library\igraph\igraph.NET5.vbproj,igraph\Models\E.vb,103,3,21,79,1,2,1,12,0,3624,3.62 KB
R-sharp\Library\igraph\igraph.NET5.vbproj,igraph\Models\V.vb,207,23,34,150,1,1,2,15,0,7378,7.38 KB
R-sharp\Library\igraph\igraph.NET5.vbproj,igraph\My Project\Application.Designer.vb,12,9,1,2,0,0,0,0,0,440,440 B
R-sharp\Library\igraph\igraph.NET5.vbproj,igraph\My Project\AssemblyInfo.vb,38,15,6,17,0,0,0,0,0,1290,1.29 KB
R-sharp\Library\igraph\igraph.NET5.vbproj,igraph\My Project\Resources.Designer.vb,63,23,8,32,1,2,0,0,0,2736,2.74 KB
R-sharp\Library\igraph\igraph.NET5.vbproj,igraph\My Project\Settings.Designer.vb,74,9,12,53,2,2,1,0,0,3000,3.00 KB
R-sharp\Library\igraph\igraph.NET5.vbproj,igraph\Utils\Attributes\EdgeAttributes.vb,73,0,12,61,1,0,1,2,0,2689,2.69 KB
R-sharp\Library\igraph\igraph.NET5.vbproj,igraph\Utils\Attributes\NodeAttributes.vb,99,0,12,87,1,0,0,3,0,3841,3.84 KB
R-sharp\Library\igraph\igraph.NET5.vbproj,<project>,2979,466,382,2131,15,7,11,95,0,118344,118.34 KB
R-sharp\Library\Rlapack\Rlapack.NET5.vbproj,Rlapack\lpSolve.vb,208,11,25,172,1,0,0,8,0,8983,8.98 KB
R-sharp\Library\Rlapack\Rlapack.NET5.vbproj,Rlapack\math.vb,757,200,90,467,1,0,1,20,0,30805,30.80 KB
R-sharp\Library\Rlapack\Rlapack.NET5.vbproj,Rlapack\RMatrix.vb,198,116,15,67,1,0,0,2,0,7851,7.85 KB
R-sharp\Library\Rlapack\Rlapack.NET5.vbproj,Rlapack\stats.vb,954,365,95,494,4,2,1,25,0,39623,39.62 KB
R-sharp\Library\Rlapack\Rlapack.NET5.vbproj,Rlapack\symbolic.vb,48,9,6,33,1,0,0,3,0,1819,1.82 KB
R-sharp\Library\Rlapack\Rlapack.NET5.vbproj,Rlapack\zzz.vb,34,0,5,29,1,0,1,1,0,1177,1.18 KB
R-sharp\Library\Rlapack\Rlapack.NET5.vbproj,Rlapack\models\corMat.vb,15,3,5,7,1,2,1,0,0,278,278 B
R-sharp\Library\Rlapack\Rlapack.NET5.vbproj,Rlapack\models\lmCall.vb,117,0,22,95,1,6,1,3,0,4034,4.03 KB
R-sharp\Library\Rlapack\Rlapack.NET5.vbproj,Rlapack\models\source.vb,8,0,2,6,1,0,0,1,0,200,200 B
R-sharp\Library\Rlapack\Rlapack.NET5.vbproj,Rlapack\My Project\Resources.Designer.vb,63,23,8,32,1,2,0,0,0,2737,2.74 KB
R-sharp\Library\Rlapack\Rlapack.NET5.vbproj,<project>,2402,727,273,1402,13,12,5,63,0,97507,97.51 KB
R-sharp\R#\Rsharp-netcore5.vbproj,R#\ApiArgumentHelpers.vb,186,19,21,146,1,0,0,5,0,7209,7.21 KB
R-sharp\R#\Rsharp-netcore5.vbproj,R#\ExportsClr.vb,15,3,4,8,1,0,0,1,0,344,344 B
R-sharp\R#\Rsharp-netcore5.vbproj,R#\Extensions.vb,225,35,28,162,1,0,1,9,0,7925,7.92 KB
R-sharp\R#\Rsharp-netcore5.vbproj,R#\GlobalSuppressions.vb,12,4,2,6,0,0,0,0,0,1539,1.54 KB
R-sharp\R#\Rsharp-netcore5.vbproj,R#\LICENSE.vb,41,23,4,14,1,1,1,0,0,1420,1.42 KB
R-sharp\R#\Rsharp-netcore5.vbproj,R#\Interpreter\ExecutableLoop.vb,243,52,36,155,2,0,5,3,0,9606,9.61 KB
R-sharp\R#\Rsharp-netcore5.vbproj,R#\Interpreter\Program.vb,132,11,22,99,1,1,1,8,0,5157,5.16 KB
R-sharp\R#\Rsharp-netcore5.vbproj,R#\Interpreter\RInterpreter.vb,621,144,95,382,1,8,12,18,0,24902,24.90 KB
R-sharp\R#\Rsharp-netcore5.vbproj,R#\Interpreter\ExecuteEngine\ExecuteBreaks.vb,20,12,1,7,1,0,0,0,0,536,536 B
R-sharp\R#\Rsharp-netcore5.vbproj,R#\Interpreter\ExecuteEngine\Expression.vb,71,26,8,37,1,1,0,2,0,2662,2.66 KB
R-sharp\R#\Rsharp-netcore5.vbproj,R#\Interpreter\ExecuteEngine\SymbolExpression.vb,33,10,5,18,1,0,1,0,0,1146,1.15 KB
R-sharp\R#\Rsharp-netcore5.vbproj,R#\Interpreter\ExecuteEngine\ExpressionSymbols\CodeComment.vb,95,6,16,73,2,5,2,3,0,3189,3.19 KB
R-sharp\R#\Rsharp-netcore5.vbproj,R#\Interpreter\ExecuteEngine\ExpressionSymbols\Suppress.vb,36,0,7,29,1,3,1,1,0,1244,1.24 KB
R-sharp\R#\Rsharp-netcore5.vbproj,R#\Interpreter\ExecuteEngine\ExpressionSymbols\Annotation\BreakPoint.vb,29,3,6,20,1,2,0,2,0,862,862 B
R-sharp\R#\Rsharp-netcore5.vbproj,R#\Interpreter\ExecuteEngine\ExpressionSymbols\Annotation\HomeSymbol.vb,31,3,6,22,1,2,0,2,0,898,898 B
R-sharp\R#\Rsharp-netcore5.vbproj,R#\Interpreter\ExecuteEngine\ExpressionSymbols\Annotation\HostSymbol.vb,29,5,5,19,1,2,0,1,0,865,865 B
R-sharp\R#\Rsharp-netcore5.vbproj,R#\Interpreter\ExecuteEngine\ExpressionSymbols\Annotation\Profiler.vb,70,14,10,46,1,4,1,2,0,2356,2.36 KB
R-sharp\R#\Rsharp-netcore5.vbproj,R#\Interpreter\ExecuteEngine\ExpressionSymbols\Annotation\ScriptFolder.vb,38,3,7,28,1,2,0,2,0,1135,1.14 KB
R-sharp\R#\Rsharp-netcore5.vbproj,R#\Interpreter\ExecuteEngine\ExpressionSymbols\Annotation\ScriptSymbol.vb,46,3,9,34,1,2,0,3,0,1498,1.50 KB
R-sharp\R#\Rsharp-netcore5.vbproj,R#\Interpreter\ExecuteEngine\ExpressionSymbols\CLI\ArgumentValue.vb,86,15,17,54,3,3,3,2,0,2843,2.84 KB
R-sharp\R#\Rsharp-netcore5.vbproj,R#\Interpreter\ExecuteEngine\ExpressionSymbols\CLI\ExternalCommandLine.vb,96,7,14,75,1,2,2,3,0,3622,3.62 KB
R-sharp\R#\Rsharp-netcore5.vbproj,R#\Interpreter\ExecuteEngine\ExpressionSymbols\DataSet\CreateObject.vb,88,4,14,70,1,5,1,3,0,3416,3.42 KB
R-sharp\R#\Rsharp-netcore5.vbproj,R#\Interpreter\ExecuteEngine\ExpressionSymbols\DataSet\DeclareNewSymbol.vb,340,29,55,256,1,9,3,5,0,12827,12.83 KB
R-sharp\R#\Rsharp-netcore5.vbproj,R#\Interpreter\ExecuteEngine\ExpressionSymbols\DataSet\FormulaExpression.vb,98,18,17,63,1,4,1,4,0,3409,3.41 KB
R-sharp\R#\Rsharp-netcore5.vbproj,R#\Interpreter\ExecuteEngine\ExpressionSymbols\DataSet\LinqQuery.vb,122,4,22,96,1,3,1,4,0,4602,4.60 KB
R-sharp\R#\Rsharp-netcore5.vbproj,R#\Interpreter\ExecuteEngine\ExpressionSymbols\DataSet\MemberValueAssign.vb,54,0,11,43,1,4,1,2,0,2218,2.22 KB
R-sharp\R#\Rsharp-netcore5.vbproj,R#\Interpreter\ExecuteEngine\ExpressionSymbols\DataSet\NamespaceFunctionSymbolReference.vb,120,15,21,84,1,5,1,4,0,4818,4.82 KB
R-sharp\R#\Rsharp-netcore5.vbproj,R#\Interpreter\ExecuteEngine\ExpressionSymbols\DataSet\ObjectWith.vb,62,3,11,48,1,3,1,1,0,2245,2.25 KB
R-sharp\R#\Rsharp-netcore5.vbproj,R#\Interpreter\ExecuteEngine\ExpressionSymbols\DataSet\Regexp.vb,90,15,12,63,1,3,1,3,0,3242,3.24 KB
R-sharp\R#\Rsharp-netcore5.vbproj,R#\Interpreter\ExecuteEngine\ExpressionSymbols\DataSet\StringInterpolation.vb,78,5,15,58,1,2,1,2,0,2725,2.73 KB
R-sharp\R#\Rsharp-netcore5.vbproj,R#\Interpreter\ExecuteEngine\ExpressionSymbols\DataSet\SymbolReference.vb,72,7,12,53,1,3,2,3,0,2506,2.51 KB
R-sharp\R#\Rsharp-netcore5.vbproj,R#\Interpreter\ExecuteEngine\ExpressionSymbols\DataSet\Literal\ExpressionLiteral.vb,41,0,9,32,1,3,1,2,0,1367,1.37 KB
R-sharp\R#\Rsharp-netcore5.vbproj,R#\Interpreter\ExecuteEngine\ExpressionSymbols\DataSet\Literal\JSONLiteral.vb,68,6,13,49,1,4,1,2,0,2115,2.12 KB
R-sharp\R#\Rsharp-netcore5.vbproj,R#\Interpreter\ExecuteEngine\ExpressionSymbols\DataSet\Literal\Literal.vb,197,19,27,151,1,9,9,2,2,6137,6.14 KB
R-sharp\R#\Rsharp-netcore5.vbproj,R#\Interpreter\ExecuteEngine\ExpressionSymbols\DataSet\Literal\SequenceLiteral.vb,204,26,31,147,1,3,1,7,0,7436,7.44 KB
R-sharp\R#\Rsharp-netcore5.vbproj,R#\Interpreter\ExecuteEngine\ExpressionSymbols\DataSet\Literal\VectorLiteral.vb,92,5,18,69,1,3,2,6,0,3130,3.13 KB
R-sharp\R#\Rsharp-netcore5.vbproj,R#\Interpreter\ExecuteEngine\ExpressionSymbols\DataSet\SymbolIndexer\SymbolIndexer.vb,603,56,76,471,1,2,2,12,0,26381,26.38 KB
R-sharp\R#\Rsharp-netcore5.vbproj,R#\Interpreter\ExecuteEngine\ExpressionSymbols\DataSet\SymbolIndexer\SymbolIndexers.vb,29,19,1,9,1,0,0,0,0,681,681 B
R-sharp\R#\Rsharp-netcore5.vbproj,R#\Interpreter\ExecuteEngine\ExpressionSymbols\DataSet\SymbolIndexer\VectorLoop.vb,80,17,14,49,1,2,1,2,0,2681,2.68 KB
R-sharp\R#\Rsharp-netcore5.vbproj,R#\Interpreter\ExecuteEngine\ExpressionSymbols\DataSet\Type\ModeOf.vb,105,18,12,75,1,4,1,3,0,3841,3.84 KB
R-sharp\R#\Rsharp-netcore5.vbproj,R#\Interpreter\ExecuteEngine\ExpressionSymbols\DataSet\Type\TypeOfCheck.vb,88,18,15,55,1,3,1,2,0,3153,3.15 KB
R-sharp\R#\Rsharp-netcore5.vbproj,R#\Interpreter\ExecuteEngine\ExpressionSymbols\Operators\AppendOperator.vb,78,9,12,57,1,2,1,2,0,2673,2.67 KB
R-sharp\R#\Rsharp-netcore5.vbproj,R#\Interpreter\ExecuteEngine\ExpressionSymbols\Operators\BinaryBetweenExpression.vb,107,6,16,85,1,2,1,3,0,4412,4.41 KB
R-sharp\R#\Rsharp-netcore5.vbproj,R#\Interpreter\ExecuteEngine\ExpressionSymbols\Operators\BinaryExpression.vb,153,3,23,127,2,8,1,3,0,6168,6.17 KB
R-sharp\R#\Rsharp-netcore5.vbproj,R#\Interpreter\ExecuteEngine\ExpressionSymbols\Operators\BinaryInExpression.vb,182,24,25,133,1,5,1,6,0,7286,7.29 KB
R-sharp\R#\Rsharp-netcore5.vbproj,R#\Interpreter\ExecuteEngine\ExpressionSymbols\Operators\BinaryOrExpression.vb,76,5,13,58,1,5,1,2,0,2647,2.65 KB
R-sharp\R#\Rsharp-netcore5.vbproj,R#\Interpreter\ExecuteEngine\ExpressionSymbols\Operators\DataFrameProjection.vb,51,5,11,35,1,2,0,1,0,1776,1.78 KB
R-sharp\R#\Rsharp-netcore5.vbproj,R#\Interpreter\ExecuteEngine\ExpressionSymbols\Operators\DataFrameSlice.vb,51,5,11,35,1,2,0,1,0,1760,1.76 KB
R-sharp\R#\Rsharp-netcore5.vbproj,R#\Interpreter\ExecuteEngine\ExpressionSymbols\Operators\DotNetObject.vb,118,7,19,92,1,4,1,5,0,4598,4.60 KB
R-sharp\R#\Rsharp-netcore5.vbproj,R#\Interpreter\ExecuteEngine\ExpressionSymbols\Operators\ReturnValue.vb,50,0,9,41,1,3,1,2,0,1613,1.61 KB
R-sharp\R#\Rsharp-netcore5.vbproj,R#\Interpreter\ExecuteEngine\ExpressionSymbols\Operators\StringBinaryExpression.vb,102,2,18,82,1,0,0,4,0,4218,4.22 KB
R-sharp\R#\Rsharp-netcore5.vbproj,R#\Interpreter\ExecuteEngine\ExpressionSymbols\Operators\UnaryNot.vb,51,0,11,40,1,2,1,3,0,1562,1.56 KB
R-sharp\R#\Rsharp-netcore5.vbproj,R#\Interpreter\ExecuteEngine\ExpressionSymbols\Operators\UnaryNumeric.vb,65,6,11,48,1,2,1,2,0,2283,2.28 KB
R-sharp\R#\Rsharp-netcore5.vbproj,R#\Interpreter\ExecuteEngine\ExpressionSymbols\Operators\ValueAssignOperator\dataframeValueAssign.vb,113,2,16,95,1,0,0,3,0,4659,4.66 KB
R-sharp\R#\Rsharp-netcore5.vbproj,R#\Interpreter\ExecuteEngine\ExpressionSymbols\Operators\ValueAssignOperator\ValueAssignExpression.vb,484,39,80,365,1,5,3,13,0,20809,20.81 KB
R-sharp\R#\Rsharp-netcore5.vbproj,R#\Interpreter\ExecuteEngine\ExpressionSymbols\Package\Imports.vb,314,72,37,205,3,6,2,8,0,12693,12.69 KB
R-sharp\R#\Rsharp-netcore5.vbproj,R#\Interpreter\ExecuteEngine\ExpressionSymbols\Package\Require.vb,197,114,17,66,1,4,3,3,0,9589,9.59 KB
R-sharp\R#\Rsharp-netcore5.vbproj,R#\Interpreter\ExecuteEngine\ExpressionSymbols\Turing\BreakLoop.vb,25,0,6,19,1,2,0,2,0,746,746 B
R-sharp\R#\Rsharp-netcore5.vbproj,R#\Interpreter\ExecuteEngine\ExpressionSymbols\Turing\ContinuteFor.vb,28,3,6,19,1,2,0,2,0,805,805 B
R-sharp\R#\Rsharp-netcore5.vbproj,R#\Interpreter\ExecuteEngine\ExpressionSymbols\Turing\ForLoop.vb,194,39,29,126,1,5,1,6,0,7065,7.07 KB
R-sharp\R#\Rsharp-netcore5.vbproj,R#\Interpreter\ExecuteEngine\ExpressionSymbols\Turing\WhileLoop.vb,69,0,13,56,1,3,1,2,0,2276,2.28 KB
R-sharp\R#\Rsharp-netcore5.vbproj,R#\Interpreter\ExecuteEngine\ExpressionSymbols\Turing\Closure\AcceptorClosure.vb,48,0,8,40,1,1,1,1,0,1879,1.88 KB
R-sharp\R#\Rsharp-netcore5.vbproj,R#\Interpreter\ExecuteEngine\ExpressionSymbols\Turing\Closure\ByRefFunctionCall.vb,100,6,20,74,1,3,1,4,0,3871,3.87 KB
R-sharp\R#\Rsharp-netcore5.vbproj,R#\Interpreter\ExecuteEngine\ExpressionSymbols\Turing\Closure\ClosureExpression.vb,81,5,13,63,1,4,1,4,0,2733,2.73 KB
R-sharp\R#\Rsharp-netcore5.vbproj,R#\Interpreter\ExecuteEngine\ExpressionSymbols\Turing\Closure\DeclareLambdaFunction.vb,237,40,33,164,1,6,1,10,0,9496,9.50 KB
R-sharp\R#\Rsharp-netcore5.vbproj,R#\Interpreter\ExecuteEngine\ExpressionSymbols\Turing\Closure\DeclareNewFunction.vb,365,120,44,201,1,7,2,8,0,15594,15.59 KB
R-sharp\R#\Rsharp-netcore5.vbproj,R#\Interpreter\ExecuteEngine\ExpressionSymbols\Turing\Closure\FunctionInvoke.vb,434,119,49,266,1,6,3,12,0,17418,17.42 KB
R-sharp\R#\Rsharp-netcore5.vbproj,R#\Interpreter\ExecuteEngine\ExpressionSymbols\Turing\Closure\RepeatClosure.vb,52,0,13,39,1,3,1,1,0,1640,1.64 KB
R-sharp\R#\Rsharp-netcore5.vbproj,R#\Interpreter\ExecuteEngine\ExpressionSymbols\Turing\Closure\SwitchExpression.vb,58,0,10,48,1,2,2,1,0,1974,1.97 KB
R-sharp\R#\Rsharp-netcore5.vbproj,R#\Interpreter\ExecuteEngine\ExpressionSymbols\Turing\Closure\TryCatchExpression.vb,84,3,12,69,1,2,2,1,0,3134,3.13 KB
R-sharp\R#\Rsharp-netcore5.vbproj,R#\Interpreter\ExecuteEngine\ExpressionSymbols\Turing\Closure\UsingClosure.vb,94,16,13,65,1,3,1,2,0,3389,3.39 KB
R-sharp\R#\Rsharp-netcore5.vbproj,R#\Interpreter\ExecuteEngine\ExpressionSymbols\Turing\If\ElseBranch.vb,79,0,15,64,1,3,2,2,0,2635,2.63 KB
R-sharp\R#\Rsharp-netcore5.vbproj,R#\Interpreter\ExecuteEngine\ExpressionSymbols\Turing\If\ElseIfBranch.vb,54,1,10,43,1,1,1,1,0,2087,2.09 KB
R-sharp\R#\Rsharp-netcore5.vbproj,R#\Interpreter\ExecuteEngine\ExpressionSymbols\Turing\If\IfBranch.vb,100,0,15,85,1,5,2,2,0,3796,3.80 KB
R-sharp\R#\Rsharp-netcore5.vbproj,R#\Interpreter\ExecuteEngine\ExpressionSymbols\Turing\If\IfPromise.vb,45,9,7,29,1,4,1,2,0,1672,1.67 KB
R-sharp\R#\Rsharp-netcore5.vbproj,R#\Interpreter\ExecuteEngine\ExpressionSymbols\Turing\If\IIfExpression.vb,56,3,10,43,1,3,1,2,0,1973,1.97 KB
R-sharp\R#\Rsharp-netcore5.vbproj,R#\Interpreter\ExecuteEngine\Linq\ExecutableContext.vb,64,6,11,47,1,2,3,2,0,2314,2.31 KB
R-sharp\R#\Rsharp-netcore5.vbproj,R#\Interpreter\ExecuteEngine\Linq\Expression.vb,18,8,4,6,1,0,0,0,0,493,493 B
R-sharp\R#\Rsharp-netcore5.vbproj,R#\Interpreter\ExecuteEngine\Linq\NamespaceDoc.vb,8,3,1,4,1,0,0,0,0,195,195 B
R-sharp\R#\Rsharp-netcore5.vbproj,R#\Interpreter\ExecuteEngine\Linq\DataSet\AliasName.vb,29,0,6,23,1,3,1,2,0,877,877 B
R-sharp\R#\Rsharp-netcore5.vbproj,R#\Interpreter\ExecuteEngine\Linq\DataSet\DataFrameDataSet.vb,29,7,7,15,1,1,0,1,0,875,875 B
R-sharp\R#\Rsharp-netcore5.vbproj,R#\Interpreter\ExecuteEngine\Linq\DataSet\DataSet.vb,49,5,7,37,1,0,0,2,0,2070,2.07 KB
R-sharp\R#\Rsharp-netcore5.vbproj,R#\Interpreter\ExecuteEngine\Linq\DataSet\ErrorDataSet.vb,16,4,4,8,1,1,0,1,0,432,432 B
R-sharp\R#\Rsharp-netcore5.vbproj,R#\Interpreter\ExecuteEngine\Linq\DataSet\JointDataSet.vb,61,4,12,45,1,0,1,2,0,2302,2.30 KB
R-sharp\R#\Rsharp-netcore5.vbproj,R#\Interpreter\ExecuteEngine\Linq\DataSet\QuerySource.vb,79,4,16,59,1,1,1,4,0,3041,3.04 KB
R-sharp\R#\Rsharp-netcore5.vbproj,R#\Interpreter\ExecuteEngine\Linq\DataSet\RuntimeVectorDataSet.vb,17,0,4,13,1,0,1,1,0,467,467 B
R-sharp\R#\Rsharp-netcore5.vbproj,R#\Interpreter\ExecuteEngine\Linq\DataSet\SequenceDataSet.vb,12,0,4,8,1,1,0,1,0,323,323 B
R-sharp\R#\Rsharp-netcore5.vbproj,R#\Interpreter\ExecuteEngine\Linq\Expression\DataLeftJoin.vb,59,3,13,43,1,1,1,6,0,1960,1.96 KB
R-sharp\R#\Rsharp-netcore5.vbproj,R#\Interpreter\ExecuteEngine\Linq\Expression\LinqKeywordExpression.vb,20,3,5,12,1,1,0,0,0,566,566 B
R-sharp\R#\Rsharp-netcore5.vbproj,R#\Interpreter\ExecuteEngine\Linq\Expression\OutputProjection.vb,41,7,9,25,1,2,1,2,0,1333,1.33 KB
R-sharp\R#\Rsharp-netcore5.vbproj,R#\Interpreter\ExecuteEngine\Linq\Expression\WhereFilter.vb,28,3,6,19,1,1,1,2,0,766,766 B
R-sharp\R#\Rsharp-netcore5.vbproj,R#\Interpreter\ExecuteEngine\Linq\Expression\Expressions\BinaryExpression.vb,82,3,15,64,1,3,1,2,0,2583,2.58 KB
R-sharp\R#\Rsharp-netcore5.vbproj,R#\Interpreter\ExecuteEngine\Linq\Expression\Expressions\Literal.vb,46,0,8,38,1,3,1,2,0,1483,1.48 KB
R-sharp\R#\Rsharp-netcore5.vbproj,R#\Interpreter\ExecuteEngine\Linq\Expression\Expressions\MemberReference.vb,51,0,11,40,1,1,1,2,0,1843,1.84 KB
R-sharp\R#\Rsharp-netcore5.vbproj,R#\Interpreter\ExecuteEngine\Linq\Expression\Expressions\RunTimeValueExpression.vb,36,3,8,25,1,1,1,3,0,1125,1.12 KB
R-sharp\R#\Rsharp-netcore5.vbproj,R#\Interpreter\ExecuteEngine\Linq\Expression\Expressions\SymbolDeclare.vb,94,12,13,69,1,4,0,3,0,3719,3.72 KB
R-sharp\R#\Rsharp-netcore5.vbproj,R#\Interpreter\ExecuteEngine\Linq\Expression\Expressions\SymbolReference.vb,35,0,8,27,1,1,1,2,0,1026,1.03 KB
R-sharp\R#\Rsharp-netcore5.vbproj,R#\Interpreter\ExecuteEngine\Linq\Expression\Expressions\ValueAssign.vb,25,0,6,19,1,1,1,1,0,733,733 B
R-sharp\R#\Rsharp-netcore5.vbproj,R#\Interpreter\ExecuteEngine\Linq\Expression\Expressions\VectorLiteral.vb,21,0,5,16,1,2,0,2,0,613,613 B
R-sharp\R#\Rsharp-netcore5.vbproj,R#\Interpreter\ExecuteEngine\Linq\Expression\Options\OrderBy.vb,93,0,17,76,1,1,1,5,0,3553,3.55 KB
R-sharp\R#\Rsharp-netcore5.vbproj,R#\Interpreter\ExecuteEngine\Linq\Expression\Options\PipelineKeyword.vb,44,14,8,22,1,0,0,1,0,1928,1.93 KB
R-sharp\R#\Rsharp-netcore5.vbproj,R#\Interpreter\ExecuteEngine\Linq\Expression\Options\SkipItems.vb,45,3,9,33,1,1,1,3,0,1411,1.41 KB
R-sharp\R#\Rsharp-netcore5.vbproj,R#\Interpreter\ExecuteEngine\Linq\Expression\Options\TakeItems.vb,45,3,9,33,1,1,1,3,0,1411,1.41 KB
R-sharp\R#\Rsharp-netcore5.vbproj,R#\Interpreter\ExecuteEngine\Linq\Query\AggregateExpression.vb,22,3,4,15,1,1,1,1,0,705,705 B
R-sharp\R#\Rsharp-netcore5.vbproj,R#\Interpreter\ExecuteEngine\Linq\Query\Options.vb,48,0,12,36,1,0,1,2,0,1603,1.60 KB
R-sharp\R#\Rsharp-netcore5.vbproj,R#\Interpreter\ExecuteEngine\Linq\Query\ProjectionExpression.vb,139,12,29,98,1,1,2,4,0,4621,4.62 KB
R-sharp\R#\Rsharp-netcore5.vbproj,R#\Interpreter\ExecuteEngine\Linq\Query\QueryExpression.vb,53,16,8,29,1,1,1,3,0,1932,1.93 KB
R-sharp\R#\Rsharp-netcore5.vbproj,R#\Interpreter\ExecuteEngine\Linq\Syntax\BinaryBuilder.vb,118,0,15,103,1,0,1,3,0,4943,4.94 KB
R-sharp\R#\Rsharp-netcore5.vbproj,R#\Interpreter\ExecuteEngine\Linq\Syntax\StackParser.vb,182,10,27,145,1,0,0,11,0,7306,7.31 KB
R-sharp\R#\Rsharp-netcore5.vbproj,R#\Interpreter\ExecuteEngine\Linq\Syntax\SyntaxImplements.vb,516,44,80,392,1,0,0,17,0,22320,22.32 KB
R-sharp\R#\Rsharp-netcore5.vbproj,R#\Interpreter\ExecuteEngine\Linq\Syntax\SyntaxParserResult.vb,44,0,9,35,1,1,3,1,0,1249,1.25 KB
R-sharp\R#\Rsharp-netcore5.vbproj,R#\Language\Code.vb,52,6,8,38,1,0,0,4,0,1794,1.79 KB
R-sharp\R#\Rsharp-netcore5.vbproj,R#\Language\TokenLine.vb,57,6,11,40,1,2,1,2,0,1692,1.69 KB
R-sharp\R#\Rsharp-netcore5.vbproj,R#\Language\TokenType.vb,70,36,8,26,1,0,0,0,0,1608,1.61 KB
R-sharp\R#\Rsharp-netcore5.vbproj,R#\Language\Syntax\Extensions.vb,181,25,25,131,1,0,0,4,0,6911,6.91 KB
R-sharp\R#\Rsharp-netcore5.vbproj,R#\Language\Syntax\SyntaxBuilderOptions.vb,107,11,18,78,5,4,1,4,0,3887,3.89 KB
R-sharp\R#\Rsharp-netcore5.vbproj,R#\Language\Syntax\SyntaxError.vb,62,0,12,50,1,7,0,3,0,2591,2.59 KB
R-sharp\R#\Rsharp-netcore5.vbproj,R#\Language\Syntax\SyntaxResult.vb,98,16,18,64,1,1,3,4,2,3722,3.72 KB
R-sharp\R#\Rsharp-netcore5.vbproj,R#\Language\Syntax\SyntaxImplements\ClosureExpressionSyntax.vb,144,16,29,99,1,0,0,2,0,5277,5.28 KB
R-sharp\R#\Rsharp-netcore5.vbproj,R#\Language\Syntax\SyntaxImplements\CommandLine.vb,111,12,17,82,2,0,0,4,0,4308,4.31 KB
R-sharp\R#\Rsharp-netcore5.vbproj,R#\Language\Syntax\SyntaxImplements\CreateObjectSyntax.vb,47,0,8,39,1,0,0,2,0,1869,1.87 KB
R-sharp\R#\Rsharp-netcore5.vbproj,R#\Language\Syntax\SyntaxImplements\DeclareLambdaFunctionSyntax.vb,94,7,9,78,1,0,0,3,0,4073,4.07 KB
R-sharp\R#\Rsharp-netcore5.vbproj,R#\Language\Syntax\SyntaxImplements\DeclareNewFunctionSyntax.vb,140,16,18,106,1,0,0,4,0,6033,6.03 KB
R-sharp\R#\Rsharp-netcore5.vbproj,R#\Language\Syntax\SyntaxImplements\DeclareNewSymbolSyntax.vb,304,38,47,219,1,0,0,7,0,12194,12.19 KB
R-sharp\R#\Rsharp-netcore5.vbproj,R#\Language\Syntax\SyntaxImplements\ForLoopSyntax.vb,125,2,18,105,1,0,0,3,0,4904,4.90 KB
R-sharp\R#\Rsharp-netcore5.vbproj,R#\Language\Syntax\SyntaxImplements\FormulaExpressionSyntax.vb,45,0,10,35,1,0,0,3,0,1937,1.94 KB
R-sharp\R#\Rsharp-netcore5.vbproj,R#\Language\Syntax\SyntaxImplements\FunctionAcceptorSyntax.vb,66,0,11,55,1,0,0,4,0,2793,2.79 KB
R-sharp\R#\Rsharp-netcore5.vbproj,R#\Language\Syntax\SyntaxImplements\FunctionInvokeSyntax.vb,138,12,17,109,1,0,0,6,0,5641,5.64 KB
R-sharp\R#\Rsharp-netcore5.vbproj,R#\Language\Syntax\SyntaxImplements\IfBranchSyntax.vb,162,12,24,126,1,0,0,5,0,6813,6.81 KB
R-sharp\R#\Rsharp-netcore5.vbproj,R#\Language\Syntax\SyntaxImplements\LinqExpressionSyntax.vb,41,6,5,30,1,0,0,1,0,1654,1.65 KB
R-sharp\R#\Rsharp-netcore5.vbproj,R#\Language\Syntax\SyntaxImplements\RequireSyntax.vb,85,2,10,73,1,0,0,2,0,3603,3.60 KB
R-sharp\R#\Rsharp-netcore5.vbproj,R#\Language\Syntax\SyntaxImplements\StringInterpolationSyntax.vb,42,0,6,36,1,0,0,1,0,1797,1.80 KB
R-sharp\R#\Rsharp-netcore5.vbproj,R#\Language\Syntax\SyntaxImplements\SwitchClosureSyntax.vb,80,0,12,68,1,0,0,1,0,3793,3.79 KB
R-sharp\R#\Rsharp-netcore5.vbproj,R#\Language\Syntax\SyntaxImplements\SymbolIndexer.vb,207,41,31,135,1,0,2,3,0,7873,7.87 KB
R-sharp\R#\Rsharp-netcore5.vbproj,R#\Language\Syntax\SyntaxImplements\TryCatchSyntax.vb,40,2,9,29,1,0,0,1,0,1490,1.49 KB
R-sharp\R#\Rsharp-netcore5.vbproj,R#\Language\Syntax\SyntaxImplements\UsingClosureSyntax.vb,54,0,9,45,1,0,0,1,0,2221,2.22 KB
R-sharp\R#\Rsharp-netcore5.vbproj,R#\Language\Syntax\SyntaxImplements\ValueAssignSyntax.vb,80,0,11,69,1,0,0,2,0,3318,3.32 KB
R-sharp\R#\Rsharp-netcore5.vbproj,R#\Language\Syntax\SyntaxImplements\VectorLiteral.vb,225,13,31,181,1,0,0,7,0,10121,10.12 KB
R-sharp\R#\Rsharp-netcore5.vbproj,R#\Language\Syntax\SyntaxImplements\WhileLoopSyntax.vb,36,0,7,29,1,0,0,1,0,1443,1.44 KB
R-sharp\R#\Rsharp-netcore5.vbproj,R#\Language\Syntax\SyntaxTree\ExpressionBuilder.vb,507,40,69,398,1,0,0,6,0,23047,23.05 KB
R-sharp\R#\Rsharp-netcore5.vbproj,R#\Language\Syntax\SyntaxTree\ExpressionSignature.vb,407,71,48,288,1,0,0,22,0,14285,14.29 KB
R-sharp\R#\Rsharp-netcore5.vbproj,R#\Language\Syntax\SyntaxTree\ExpressionTree.vb,262,17,37,208,1,0,0,6,0,12188,12.19 KB
R-sharp\R#\Rsharp-netcore5.vbproj,R#\Language\Syntax\SyntaxTree\Splitter.vb,90,5,13,72,1,0,0,1,0,3638,3.64 KB
R-sharp\R#\Rsharp-netcore5.vbproj,R#\Language\Syntax\SyntaxTree\BinaryExpressionTree\BinaryExpressionTree.vb,406,35,65,306,1,0,0,6,0,18210,18.21 KB
R-sharp\R#\Rsharp-netcore5.vbproj,R#\Language\Syntax\SyntaxTree\BinaryExpressionTree\GenericSymbolOperatorProcessor.vb,75,2,18,55,2,1,2,2,0,2571,2.57 KB
R-sharp\R#\Rsharp-netcore5.vbproj,R#\Language\Syntax\SyntaxTree\BinaryExpressionTree\NameMemberReference.vb,138,9,22,107,4,0,2,6,0,5902,5.90 KB
R-sharp\R#\Rsharp-netcore5.vbproj,R#\Language\Syntax\SyntaxTree\BinaryExpressionTree\NamespaceReference.vb,84,3,14,67,1,0,1,2,0,3497,3.50 KB
R-sharp\R#\Rsharp-netcore5.vbproj,R#\Language\Syntax\SyntaxTree\BinaryExpressionTree\PipelineProcessor.vb,137,7,21,109,1,0,1,4,0,5418,5.42 KB
R-sharp\R#\Rsharp-netcore5.vbproj,R#\Language\Syntax\SyntaxTree\BinaryExpressionTree\VectorAppendProcessor.vb,27,0,5,22,1,0,1,2,0,980,980 B
R-sharp\R#\Rsharp-netcore5.vbproj,R#\Language\TokenIcer\JoinToken.vb,8,0,3,5,1,1,0,0,0,150,150 B
R-sharp\R#\Rsharp-netcore5.vbproj,R#\Language\TokenIcer\Scanner.vb,519,72,70,377,3,1,1,8,0,21751,21.75 KB
R-sharp\R#\Rsharp-netcore5.vbproj,R#\Language\TokenIcer\StringInterpolation.vb,95,6,20,69,1,1,1,3,0,3175,3.17 KB
R-sharp\R#\Rsharp-netcore5.vbproj,R#\Language\TokenIcer\Token.vb,65,11,10,44,1,2,2,0,2,2195,2.19 KB
R-sharp\R#\Rsharp-netcore5.vbproj,R#\My Project\Application.Designer.vb,12,9,1,2,0,0,0,0,0,423,423 B
R-sharp\R#\Rsharp-netcore5.vbproj,R#\My Project\AssemblyInfo.vb,38,15,8,15,0,0,0,0,0,1337,1.34 KB
R-sharp\R#\Rsharp-netcore5.vbproj,R#\My Project\Resources.Designer.vb,102,50,10,42,1,4,0,0,0,4626,4.63 KB
R-sharp\R#\Rsharp-netcore5.vbproj,R#\My Project\Settings.Designer.vb,75,9,13,53,2,2,1,0,0,3004,3.00 KB
R-sharp\R#\Rsharp-netcore5.vbproj,R#\Runtime\Extensions.vb,171,42,22,107,1,0,0,6,0,6207,6.21 KB
R-sharp\R#\Rsharp-netcore5.vbproj,R#\Runtime\graphicsPipeline.vb,185,7,24,154,1,0,1,8,0,7810,7.81 KB
R-sharp\R#\Rsharp-netcore5.vbproj,R#\Runtime\MagicScriptSymbol.vb,67,12,7,48,1,9,0,2,0,2522,2.52 KB
R-sharp\R#\Rsharp-netcore5.vbproj,R#\Runtime\RTypeExtensions.vb,129,30,11,88,1,0,1,6,0,5522,5.52 KB
R-sharp\R#\Rsharp-netcore5.vbproj,R#\Runtime\RVectorExtensions.vb,436,80,52,304,1,0,0,10,0,16881,16.88 KB
R-sharp\R#\Rsharp-netcore5.vbproj,R#\Runtime\Environment\ClosureEnvironment.vb,41,10,9,22,1,0,1,1,0,1381,1.38 KB
R-sharp\R#\Rsharp-netcore5.vbproj,R#\Runtime\Environment\Environment.vb,777,281,96,400,1,9,14,15,0,33123,33.12 KB
R-sharp\R#\Rsharp-netcore5.vbproj,R#\Runtime\Environment\EnvironmentExtensions.vb,54,0,8,46,1,1,0,2,0,2116,2.12 KB
R-sharp\R#\Rsharp-netcore5.vbproj,R#\Runtime\Environment\GlobalEnvironment.vb,279,53,42,184,1,15,4,7,0,11362,11.36 KB
R-sharp\R#\Rsharp-netcore5.vbproj,R#\Runtime\Environment\NamespaceEnvironment.vb,33,0,8,25,1,3,2,1,0,1109,1.11 KB
R-sharp\R#\Rsharp-netcore5.vbproj,R#\Runtime\Environment\ObjectEnvironment.vb,52,23,7,22,1,0,1,1,0,1595,1.59 KB
R-sharp\R#\Rsharp-netcore5.vbproj,R#\Runtime\Environment\OutputEnvironments.vb,8,0,1,7,1,0,0,0,0,129,129 B
R-sharp\R#\Rsharp-netcore5.vbproj,R#\Runtime\Environment\PackageEnvironment.vb,46,0,6,40,1,0,1,2,0,1790,1.79 KB
R-sharp\R#\Rsharp-netcore5.vbproj,R#\Runtime\Environment\RContentOutput.vb,192,20,34,138,1,5,12,0,0,6138,6.14 KB
R-sharp\R#\Rsharp-netcore5.vbproj,R#\Runtime\Environment\SymbolLanguageProcessor.vb,82,0,17,65,1,0,1,2,0,2909,2.91 KB
R-sharp\R#\Rsharp-netcore5.vbproj,R#\Runtime\Environment\SymbolNamespaceSolver.vb,104,10,18,76,1,2,0,8,0,4425,4.42 KB
R-sharp\R#\Rsharp-netcore5.vbproj,R#\Runtime\Internal\debug.vb,335,75,49,211,1,1,3,10,0,13209,13.21 KB
R-sharp\R#\Rsharp-netcore5.vbproj,R#\Runtime\Internal\generic.vb,150,26,23,101,3,0,1,6,0,6071,6.07 KB
R-sharp\R#\Rsharp-netcore5.vbproj,R#\Runtime\Internal\invoke.vb,152,19,13,120,1,1,2,6,0,6590,6.59 KB
R-sharp\R#\Rsharp-netcore5.vbproj,R#\Runtime\Internal\lambdaExtensions.vb,33,6,5,22,1,0,0,2,0,1250,1.25 KB
R-sharp\R#\Rsharp-netcore5.vbproj,R#\Runtime\Internal\internalInvokes\applys.vb,500,108,68,324,1,0,0,8,0,20740,20.74 KB
R-sharp\R#\Rsharp-netcore5.vbproj,R#\Runtime\Internal\internalInvokes\base.vb,2747,1325,224,1198,3,3,2,58,0,122784,122.78 KB
R-sharp\R#\Rsharp-netcore5.vbproj,R#\Runtime\Internal\internalInvokes\env.vb,479,184,45,250,1,0,0,17,0,21373,21.37 KB
R-sharp\R#\Rsharp-netcore5.vbproj,R#\Runtime\Internal\internalInvokes\etc.vb,287,105,23,159,1,0,1,12,0,12398,12.40 KB
R-sharp\R#\Rsharp-netcore5.vbproj,R#\Runtime\Internal\internalInvokes\file.vb,1402,497,132,773,1,0,3,44,0,63097,63.10 KB
R-sharp\R#\Rsharp-netcore5.vbproj,R#\Runtime\Internal\internalInvokes\reflections.vb,167,74,15,78,1,0,0,3,0,7556,7.56 KB
R-sharp\R#\Rsharp-netcore5.vbproj,R#\Runtime\Internal\internalInvokes\Rinterop.vb,62,39,5,18,1,0,0,2,0,2741,2.74 KB
R-sharp\R#\Rsharp-netcore5.vbproj,R#\Runtime\Internal\internalInvokes\save.vb,271,124,31,116,1,0,1,4,0,13082,13.08 KB
R-sharp\R#\Rsharp-netcore5.vbproj,R#\Runtime\Internal\internalInvokes\set.vb,418,143,46,229,1,0,0,11,0,18945,18.95 KB
R-sharp\R#\Rsharp-netcore5.vbproj,R#\Runtime\Internal\internalInvokes\utils.vb,1186,483,102,601,1,0,3,23,0,57341,57.34 KB
R-sharp\R#\Rsharp-netcore5.vbproj,R#\Runtime\Internal\internalInvokes\dev\bitView.vb,46,0,9,37,1,0,0,6,0,1696,1.70 KB
R-sharp\R#\Rsharp-netcore5.vbproj,R#\Runtime\Internal\internalInvokes\dev\devtools.vb,188,62,21,105,1,0,4,6,0,8239,8.24 KB
R-sharp\R#\Rsharp-netcore5.vbproj,R#\Runtime\Internal\internalInvokes\dev\RCurl.vb,48,19,5,24,1,0,0,1,0,2065,2.06 KB
R-sharp\R#\Rsharp-netcore5.vbproj,R#\Runtime\Internal\internalInvokes\graphics\drawing.vb,9,0,3,6,0,0,0,0,0,204,204 B
R-sharp\R#\Rsharp-netcore5.vbproj,R#\Runtime\Internal\internalInvokes\graphics\graphics.vb,461,122,57,282,1,1,1,12,0,18929,18.93 KB
R-sharp\R#\Rsharp-netcore5.vbproj,R#\Runtime\Internal\internalInvokes\graphics\graphicsDevice.vb,84,33,9,42,1,2,0,2,0,2761,2.76 KB
R-sharp\R#\Rsharp-netcore5.vbproj,R#\Runtime\Internal\internalInvokes\Linq\Group.vb,110,8,19,83,1,1,1,8,0,3942,3.94 KB
R-sharp\R#\Rsharp-netcore5.vbproj,R#\Runtime\Internal\internalInvokes\Linq\lambda.vb,65,2,10,53,1,0,0,2,0,2947,2.95 KB
R-sharp\R#\Rsharp-netcore5.vbproj,R#\Runtime\Internal\internalInvokes\Linq\linq.vb,1250,405,140,705,1,0,1,31,0,56148,56.15 KB
R-sharp\R#\Rsharp-netcore5.vbproj,R#\Runtime\Internal\internalInvokes\Linq\orders.vb,8,0,1,7,1,0,0,0,0,156,156 B
R-sharp\R#\Rsharp-netcore5.vbproj,R#\Runtime\Internal\internalInvokes\Linq\parallelApplys.vb,250,44,33,173,1,0,2,2,0,10526,10.53 KB
R-sharp\R#\Rsharp-netcore5.vbproj,R#\Runtime\Internal\internalInvokes\Linq\search.vb,58,0,11,47,1,0,0,4,0,2212,2.21 KB
R-sharp\R#\Rsharp-netcore5.vbproj,R#\Runtime\Internal\internalInvokes\Math\math.vb,819,383,74,362,1,0,1,30,0,35636,35.64 KB
R-sharp\R#\Rsharp-netcore5.vbproj,R#\Runtime\Internal\internalInvokes\Math\ranking.vb,137,88,8,41,1,0,0,3,0,7183,7.18 KB
R-sharp\R#\Rsharp-netcore5.vbproj,R#\Runtime\Internal\internalInvokes\Math\time.vb,17,0,4,13,1,0,0,2,0,434,434 B
R-sharp\R#\Rsharp-netcore5.vbproj,R#\Runtime\Internal\internalInvokes\Math\varUseMethods.vb,15,0,5,10,1,0,0,0,0,375,375 B
R-sharp\R#\Rsharp-netcore5.vbproj,R#\Runtime\Internal\internalInvokes\string\humanReadableFormatter.vb,46,11,5,30,1,0,0,3,0,1694,1.69 KB
R-sharp\R#\Rsharp-netcore5.vbproj,R#\Runtime\Internal\internalInvokes\string\stringr.vb,983,271,93,619,1,0,0,36,0,40175,40.17 KB
R-sharp\R#\Rsharp-netcore5.vbproj,R#\Runtime\Internal\internalInvokes\string\strings.vb,310,123,25,162,1,0,0,12,0,14011,14.01 KB
R-sharp\R#\Rsharp-netcore5.vbproj,R#\Runtime\Internal\internalInvokes\string\str_padSides.vb,8,0,1,7,1,0,0,0,0,138,138 B
R-sharp\R#\Rsharp-netcore5.vbproj,R#\Runtime\Internal\objects\doApply.vb,19,0,5,14,2,0,0,1,0,431,431 B
R-sharp\R#\Rsharp-netcore5.vbproj,R#\Runtime\Internal\objects\invisible.vb,17,5,4,8,1,1,0,1,0,434,434 B
R-sharp\R#\Rsharp-netcore5.vbproj,R#\Runtime\Internal\objects\names.vb,252,14,38,200,1,0,0,11,0,9683,9.68 KB
R-sharp\R#\Rsharp-netcore5.vbproj,R#\Runtime\Internal\objects\reflector.vb,221,22,40,159,1,0,0,6,0,8133,8.13 KB
R-sharp\R#\Rsharp-netcore5.vbproj,R#\Runtime\Internal\objects\unit.vb,18,0,5,13,1,1,2,1,0,353,353 B
R-sharp\R#\Rsharp-netcore5.vbproj,R#\Runtime\Internal\objects\base\dataframeBase.vb,92,14,15,63,1,0,0,3,0,3435,3.44 KB
R-sharp\R#\Rsharp-netcore5.vbproj,R#\Runtime\Internal\objects\dataset\complex.vb,12,3,3,6,1,2,0,0,0,231,231 B
R-sharp\R#\Rsharp-netcore5.vbproj,R#\Runtime\Internal\objects\dataset\dataframe.vb,585,199,63,323,1,5,2,20,0,22964,22.96 KB
R-sharp\R#\Rsharp-netcore5.vbproj,R#\Runtime\Internal\objects\dataset\factor.vb,120,19,18,83,1,3,1,4,0,4038,4.04 KB
R-sharp\R#\Rsharp-netcore5.vbproj,R#\Runtime\Internal\objects\dataset\list.vb,443,116,62,265,1,3,7,19,0,15576,15.58 KB
R-sharp\R#\Rsharp-netcore5.vbproj,R#\Runtime\Internal\objects\dataset\matrix.vb,8,0,3,5,1,0,0,0,0,164,164 B
R-sharp\R#\Rsharp-netcore5.vbproj,R#\Runtime\Internal\objects\dataset\pipeline.vb,269,51,41,177,1,3,2,9,0,11329,11.33 KB
R-sharp\R#\Rsharp-netcore5.vbproj,R#\Runtime\Internal\objects\dataset\S4Object.vb,6,0,2,4,1,0,0,0,0,94,94 B
R-sharp\R#\Rsharp-netcore5.vbproj,R#\Runtime\Internal\objects\dataset\vbObject.vb,265,40,33,192,1,2,2,12,0,11139,11.14 KB
R-sharp\R#\Rsharp-netcore5.vbproj,R#\Runtime\Internal\objects\dataset\vector.vb,320,47,53,220,1,4,7,12,2,11466,11.47 KB
R-sharp\R#\Rsharp-netcore5.vbproj,R#\Runtime\Internal\objects\Linq\DataframeGroup.vb,83,6,15,62,1,0,0,3,0,2995,3.00 KB
R-sharp\R#\Rsharp-netcore5.vbproj,R#\Runtime\Internal\objects\Linq\RCType.vb,36,0,8,28,1,0,0,5,0,1168,1.17 KB
R-sharp\R#\Rsharp-netcore5.vbproj,R#\Runtime\Internal\objects\RConversion\castList.vb,206,12,32,162,1,0,0,6,0,7761,7.76 KB
R-sharp\R#\Rsharp-netcore5.vbproj,R#\Runtime\Internal\objects\RConversion\castRaw.vb,107,8,16,83,1,0,0,2,0,4258,4.26 KB
R-sharp\R#\Rsharp-netcore5.vbproj,R#\Runtime\Internal\objects\RConversion\conversion.vb,1109,351,112,646,1,0,0,28,0,48835,48.84 KB
R-sharp\R#\Rsharp-netcore5.vbproj,R#\Runtime\Internal\objects\RConversion\makeDataframe.vb,313,41,46,226,3,0,2,10,0,12558,12.56 KB
R-sharp\R#\Rsharp-netcore5.vbproj,R#\Runtime\Internal\objects\RConversion\makeList.vb,83,0,14,69,1,0,0,3,0,3006,3.01 KB
R-sharp\R#\Rsharp-netcore5.vbproj,R#\Runtime\Internal\objects\RConversion\makeObject.vb,43,1,8,34,1,0,0,2,0,1608,1.61 KB
R-sharp\R#\Rsharp-netcore5.vbproj,R#\Runtime\Internal\objects\RConversion\RCType.vb,162,28,21,113,1,0,1,2,0,7761,7.76 KB
R-sharp\R#\Rsharp-netcore5.vbproj,R#\Runtime\Internal\objects\utils\TableFormatter.vb,122,7,21,94,1,0,0,3,0,5002,5.00 KB
R-sharp\R#\Rsharp-netcore5.vbproj,R#\Runtime\Internal\objects\utils\TableJoint.vb,52,0,8,44,1,0,0,1,0,2396,2.40 KB
R-sharp\R#\Rsharp-netcore5.vbproj,R#\Runtime\Internal\objects\utils\TableRow.vb,46,6,6,34,1,0,0,3,0,1569,1.57 KB
R-sharp\R#\Rsharp-netcore5.vbproj,R#\Runtime\Internal\printer\classPrinter.vb,117,14,19,84,1,0,0,5,0,4561,4.56 KB
R-sharp\R#\Rsharp-netcore5.vbproj,R#\Runtime\Internal\printer\enumPrinter.vb,50,8,10,32,1,0,0,3,0,1798,1.80 KB
R-sharp\R#\Rsharp-netcore5.vbproj,R#\Runtime\Internal\printer\htmlPrinter.vb,33,5,7,21,1,0,1,1,0,1145,1.15 KB
R-sharp\R#\Rsharp-netcore5.vbproj,R#\Runtime\Internal\printer\printer.vb,383,45,55,283,3,0,7,7,0,16480,16.48 KB
R-sharp\R#\Rsharp-netcore5.vbproj,R#\Runtime\Internal\printer\tablePrinter.vb,119,1,19,99,1,0,1,2,0,5384,5.38 KB
R-sharp\R#\Rsharp-netcore5.vbproj,R#\Runtime\Interop\RDispose.vb,69,24,12,33,1,1,3,1,0,2385,2.38 KB
R-sharp\R#\Rsharp-netcore5.vbproj,R#\Runtime\Interop\REnum.vb,111,7,21,83,1,3,2,6,0,3771,3.77 KB
R-sharp\R#\Rsharp-netcore5.vbproj,R#\Runtime\Interop\RReturn.vb,60,7,11,42,1,5,2,0,0,1940,1.94 KB
R-sharp\R#\Rsharp-netcore5.vbproj,R#\Runtime\Interop\RType.vb,301,75,31,195,1,17,1,7,4,11683,11.68 KB
R-sharp\R#\Rsharp-netcore5.vbproj,R#\Runtime\Interop\CType\ICType.vb,18,7,5,6,1,0,0,1,0,426,426 B
R-sharp\R#\Rsharp-netcore5.vbproj,R#\Runtime\Interop\CType\ITupleConstructor.vb,10,0,3,7,1,0,0,3,0,277,277 B
R-sharp\R#\Rsharp-netcore5.vbproj,R#\Runtime\Interop\RInteropAttributes\RApiReturnAttribute.vb,33,5,7,21,1,1,1,2,0,1225,1.23 KB
R-sharp\R#\Rsharp-netcore5.vbproj,R#\Runtime\Interop\RInteropAttributes\RDefaultExpressionAttribute.vb,37,17,4,16,1,0,0,1,0,1269,1.27 KB
R-sharp\R#\Rsharp-netcore5.vbproj,R#\Runtime\Interop\RInteropAttributes\RDefaultValueAttribute.vb,43,9,8,26,1,1,1,2,0,1644,1.64 KB
R-sharp\R#\Rsharp-netcore5.vbproj,R#\Runtime\Interop\RInteropAttributes\RInteropAttribute.vb,70,15,16,39,6,3,3,2,0,2503,2.50 KB
R-sharp\R#\Rsharp-netcore5.vbproj,R#\Runtime\Interop\RInteropAttributes\RLazyExpressionAttribute.vb,7,0,2,5,1,0,0,0,0,220,220 B
R-sharp\R#\Rsharp-netcore5.vbproj,R#\Runtime\Interop\RInteropAttributes\RListObjectArgumentAttribute.vb,86,9,12,65,1,0,0,3,0,3457,3.46 KB
R-sharp\R#\Rsharp-netcore5.vbproj,R#\Runtime\Interop\RInteropAttributes\ROperatorAttribute.vb,21,4,5,12,1,1,1,1,0,576,576 B
R-sharp\R#\Rsharp-netcore5.vbproj,R#\Runtime\Interop\RInteropAttributes\RPackageModuleAttribute.vb,9,3,1,5,1,0,0,0,0,310,310 B
R-sharp\R#\Rsharp-netcore5.vbproj,R#\Runtime\Interop\RInteropAttributes\RPlotStyleCSSAttribute.vb,27,12,3,12,1,7,0,0,0,997,997 B
R-sharp\R#\Rsharp-netcore5.vbproj,R#\Runtime\Interop\RInteropAttributes\RSuppressPrintAttribute.vb,99,75,6,18,1,0,0,1,0,10037,10.04 KB
R-sharp\R#\Rsharp-netcore5.vbproj,R#\Runtime\Interop\RInteropAttributes\RSymbolLanguageMaskAttribute.vb,46,12,12,22,4,3,1,3,0,1566,1.57 KB
R-sharp\R#\Rsharp-netcore5.vbproj,R#\Runtime\Interop\RInteropAttributes\RSymbolTextArgumentAttribute.vb,37,8,5,24,1,0,0,1,0,1620,1.62 KB
R-sharp\R#\Rsharp-netcore5.vbproj,R#\Runtime\Interop\RInteropAttributes\VectorMask\DefaultVectorParser.vb,38,5,3,30,1,0,0,1,0,1634,1.63 KB
R-sharp\R#\Rsharp-netcore5.vbproj,R#\Runtime\Interop\RInteropAttributes\VectorMask\IVectorExpressionLiteral.vb,8,0,3,5,1,0,0,1,0,177,177 B
R-sharp\R#\Rsharp-netcore5.vbproj,R#\Runtime\Interop\RInteropAttributes\VectorMask\RRawVectorArgumentAttribute.vb,49,21,7,21,1,3,1,1,0,1978,1.98 KB
R-sharp\R#\Rsharp-netcore5.vbproj,R#\Runtime\Interop\RsharpApi\ApiDocumentHelper.vb,74,0,10,64,1,0,0,2,0,2821,2.82 KB
R-sharp\R#\Rsharp-netcore5.vbproj,R#\Runtime\Interop\RsharpApi\ListObjectArgumentMargin.vb,26,17,1,8,1,0,0,0,0,817,817 B
R-sharp\R#\Rsharp-netcore5.vbproj,R#\Runtime\Interop\RsharpApi\MethodInvoke.vb,31,0,8,23,1,1,0,2,0,858,858 B
R-sharp\R#\Rsharp-netcore5.vbproj,R#\Runtime\Interop\RsharpApi\RArgumentList.vb,363,65,45,253,1,0,1,7,0,15876,15.88 KB
R-sharp\R#\Rsharp-netcore5.vbproj,R#\Runtime\Interop\RsharpApi\RMethodArgument.vb,161,60,14,87,1,8,0,5,0,6546,6.55 KB
R-sharp\R#\Rsharp-netcore5.vbproj,R#\Runtime\Interop\RsharpApi\RMethodInfo.vb,410,88,48,274,1,5,3,13,0,16643,16.64 KB
R-sharp\R#\Rsharp-netcore5.vbproj,R#\Runtime\Interop\RsharpApi\RuntimeValueLiteral.vb,47,3,8,36,1,3,1,2,0,1361,1.36 KB
R-sharp\R#\Rsharp-netcore5.vbproj,R#\Runtime\Interop\RsharpOperator\BinaryIndex.vb,224,41,30,153,1,1,2,7,0,8720,8.72 KB
R-sharp\R#\Rsharp-netcore5.vbproj,R#\Runtime\Interop\RsharpOperator\BinaryOperator.vb,118,27,14,77,1,3,1,2,0,4470,4.47 KB
R-sharp\R#\Rsharp-netcore5.vbproj,R#\Runtime\Interop\RsharpOperator\BinaryOperatorEngine.vb,201,30,27,144,1,0,9,1,0,15168,15.17 KB
R-sharp\R#\Rsharp-netcore5.vbproj,R#\Runtime\Interop\RsharpOperator\IBinaryOperator.vb,12,7,2,3,1,0,0,0,0,380,380 B
R-sharp\R#\Rsharp-netcore5.vbproj,R#\Runtime\Interop\RsharpOperator\ROperatorInvoke.vb,73,1,13,59,1,1,1,4,0,2480,2.48 KB
R-sharp\R#\Rsharp-netcore5.vbproj,R#\Runtime\Serialize\Buffer.vb,88,7,14,67,1,2,1,3,0,3699,3.70 KB
R-sharp\R#\Rsharp-netcore5.vbproj,R#\Runtime\Serialize\BufferHandler.vb,67,1,9,57,1,0,0,2,0,3054,3.05 KB
R-sharp\R#\Rsharp-netcore5.vbproj,R#\Runtime\Serialize\BufferObject.vb,61,7,15,39,2,1,5,2,0,1759,1.76 KB
R-sharp\R#\Rsharp-netcore5.vbproj,R#\Runtime\Serialize\BufferObjects.vb,21,3,5,13,1,0,0,0,0,585,585 B
R-sharp\R#\Rsharp-netcore5.vbproj,R#\Runtime\Serialize\bufferObjects\bitmapBuffer.vb,67,7,14,46,1,2,5,2,0,1816,1.82 KB
R-sharp\R#\Rsharp-netcore5.vbproj,R#\Runtime\Serialize\bufferObjects\dataframeBuffer.vb,131,0,23,108,1,3,5,2,0,4696,4.70 KB
R-sharp\R#\Rsharp-netcore5.vbproj,R#\Runtime\Serialize\bufferObjects\listBuffer.vb,106,0,23,83,1,2,5,2,0,3535,3.54 KB
R-sharp\R#\Rsharp-netcore5.vbproj,R#\Runtime\Serialize\bufferObjects\messageBuffer.vb,153,3,34,116,3,9,5,4,0,5420,5.42 KB
R-sharp\R#\Rsharp-netcore5.vbproj,R#\Runtime\Serialize\bufferObjects\rawBuffer.vb,45,3,11,31,1,2,3,2,0,1199,1.20 KB
R-sharp\R#\Rsharp-netcore5.vbproj,R#\Runtime\Serialize\bufferObjects\rscriptBuffer.vb,51,0,10,41,1,2,4,1,0,1522,1.52 KB
R-sharp\R#\Rsharp-netcore5.vbproj,R#\Runtime\Serialize\bufferObjects\textBuffer.vb,62,3,14,45,1,2,5,1,0,1635,1.64 KB
R-sharp\R#\Rsharp-netcore5.vbproj,R#\Runtime\Serialize\bufferObjects\vectorBuffer.vb,226,10,47,169,1,6,5,3,0,7884,7.88 KB
R-sharp\R#\Rsharp-netcore5.vbproj,R#\Runtime\System\InvokeParameter.vb,228,38,29,161,1,7,3,6,0,8661,8.66 KB
R-sharp\R#\Rsharp-netcore5.vbproj,R#\Runtime\System\Message.vb,124,35,17,72,1,5,0,7,0,4882,4.88 KB
R-sharp\R#\Rsharp-netcore5.vbproj,R#\Runtime\System\Rscript.vb,146,40,19,87,1,3,1,10,0,4930,4.93 KB
R-sharp\R#\Rsharp-netcore5.vbproj,R#\Runtime\System\RsharpDataObject.vb,26,3,5,18,1,1,0,1,0,762,762 B
R-sharp\R#\Rsharp-netcore5.vbproj,R#\Runtime\System\Symbol.vb,204,47,27,130,1,11,3,4,0,7108,7.11 KB
R-sharp\R#\Rsharp-netcore5.vbproj,R#\Runtime\System\TryError.vb,33,3,6,24,1,2,1,2,0,1032,1.03 KB
R-sharp\R#\Rsharp-netcore5.vbproj,R#\Runtime\System\TypeCode.vb,58,36,5,17,1,0,0,0,0,1537,1.54 KB
R-sharp\R#\Rsharp-netcore5.vbproj,R#\Runtime\System\Interface\RFunction.vb,59,27,12,20,3,3,0,4,0,2041,2.04 KB
R-sharp\R#\Rsharp-netcore5.vbproj,R#\Runtime\System\Interface\RIndexer.vb,10,0,4,6,1,0,0,1,0,244,244 B
R-sharp\R#\Rsharp-netcore5.vbproj,R#\Runtime\System\Interface\RNames.vb,36,3,11,22,4,1,0,11,0,1230,1.23 KB
R-sharp\R#\Rsharp-netcore5.vbproj,R#\Runtime\System\Interface\RPrint.vb,7,0,2,5,1,0,0,1,0,151,151 B
R-sharp\R#\Rsharp-netcore5.vbproj,R#\Runtime\Vectorization\Core.vb,300,56,45,199,3,0,0,8,0,11185,11.19 KB
R-sharp\R#\Rsharp-netcore5.vbproj,R#\Runtime\Vectorization\GetVectorElement.vb,189,32,25,132,2,5,3,5,0,6545,6.54 KB
R-sharp\R#\Rsharp-netcore5.vbproj,R#\Runtime\Vectorization\typedefine.vb,26,10,4,12,1,0,2,0,0,721,721 B
R-sharp\R#\Rsharp-netcore5.vbproj,R#\Runtime\Vectorization\Arithmetic\Add.vb,37,3,5,29,1,0,0,1,0,1491,1.49 KB
R-sharp\R#\Rsharp-netcore5.vbproj,R#\Runtime\Vectorization\Arithmetic\Divide.vb,37,3,5,29,1,0,0,1,0,1515,1.51 KB
R-sharp\R#\Rsharp-netcore5.vbproj,R#\Runtime\Vectorization\Arithmetic\Exponent.vb,37,3,5,29,1,0,0,1,0,1531,1.53 KB
R-sharp\R#\Rsharp-netcore5.vbproj,R#\Runtime\Vectorization\Arithmetic\Modulo.vb,38,3,6,29,1,0,0,1,0,1518,1.52 KB
R-sharp\R#\Rsharp-netcore5.vbproj,R#\Runtime\Vectorization\Arithmetic\Multiply.vb,37,3,5,29,1,0,0,1,0,1531,1.53 KB
R-sharp\R#\Rsharp-netcore5.vbproj,R#\Runtime\Vectorization\Arithmetic\Subtract.vb,37,3,5,29,1,0,0,1,0,1531,1.53 KB
R-sharp\R#\Rsharp-netcore5.vbproj,R#\System\HybridsEngine.vb,136,12,27,97,3,1,1,7,0,5271,5.27 KB
R-sharp\R#\Rsharp-netcore5.vbproj,R#\System\IPCBuffer.vb,68,0,14,54,1,3,3,2,0,2392,2.39 KB
R-sharp\R#\Rsharp-netcore5.vbproj,R#\System\LambdaCompiler.vb,52,1,10,41,1,0,0,2,0,2412,2.41 KB
R-sharp\R#\Rsharp-netcore5.vbproj,R#\System\RFileSystem.vb,27,0,7,20,1,0,0,3,0,893,893 B
R-sharp\R#\Rsharp-netcore5.vbproj,R#\System\RuntimeError.vb,53,3,11,39,1,1,2,2,0,1684,1.68 KB
R-sharp\R#\Rsharp-netcore5.vbproj,R#\System\Components\AutoFileSave.vb,55,14,11,30,1,3,2,1,0,2087,2.09 KB
R-sharp\R#\Rsharp-netcore5.vbproj,R#\System\Components\Encoder.vb,84,13,11,60,1,0,0,3,0,3339,3.34 KB
R-sharp\R#\Rsharp-netcore5.vbproj,R#\System\Components\ProfileRecord.vb,59,4,15,40,2,10,1,2,0,1960,1.96 KB
R-sharp\R#\Rsharp-netcore5.vbproj,R#\System\Components\RSessionInfo.vb,137,44,18,75,1,13,0,1,0,5254,5.25 KB
R-sharp\R#\Rsharp-netcore5.vbproj,R#\System\Components\WmfWriter.vb,13,0,3,10,1,0,0,1,0,408,408 B
R-sharp\R#\Rsharp-netcore5.vbproj,R#\System\Components\ZipFolder.vb,100,25,17,58,1,1,4,1,0,3510,3.51 KB
R-sharp\R#\Rsharp-netcore5.vbproj,R#\System\Config\ConfigFile.vb,88,14,13,61,1,5,1,5,0,3236,3.24 KB
R-sharp\R#\Rsharp-netcore5.vbproj,R#\System\Config\Defaults.vb,8,0,3,5,1,1,0,0,0,225,225 B
R-sharp\R#\Rsharp-netcore5.vbproj,R#\System\Config\OptionHooks.vb,67,12,11,44,1,0,6,1,0,2177,2.18 KB
R-sharp\R#\Rsharp-netcore5.vbproj,R#\System\Config\Options.vb,361,124,46,191,1,18,6,4,0,14039,14.04 KB
R-sharp\R#\Rsharp-netcore5.vbproj,R#\System\Config\StartupConfigs.vb,12,0,4,8,1,1,0,1,0,318,318 B
R-sharp\R#\Rsharp-netcore5.vbproj,R#\System\Document\AnnotationDocs.vb,93,21,15,57,1,0,1,2,0,3459,3.46 KB
R-sharp\R#\Rsharp-netcore5.vbproj,R#\System\Document\Document.vb,63,0,8,55,1,10,0,2,0,2382,2.38 KB
R-sharp\R#\Rsharp-netcore5.vbproj,R#\System\Document\FunctionDeclare.vb,90,0,16,74,1,3,0,4,0,3581,3.58 KB
R-sharp\R#\Rsharp-netcore5.vbproj,R#\System\Document\MetaTextParser.vb,57,3,8,46,1,0,1,1,0,2211,2.21 KB
R-sharp\R#\Rsharp-netcore5.vbproj,R#\System\Document\CodeAnalysis\SymbolAnalysis.vb,297,9,52,236,3,0,25,5,0,12668,12.67 KB
R-sharp\R#\Rsharp-netcore5.vbproj,R#\System\Document\Inspector\ExpressionFormatter.vb,30,0,11,19,1,0,3,0,0,724,724 B
R-sharp\R#\Rsharp-netcore5.vbproj,R#\System\Document\Printer\ConsoleMarkdownPrinter.vb,116,0,27,89,1,0,4,0,0,4174,4.17 KB
R-sharp\R#\Rsharp-netcore5.vbproj,R#\System\Document\Printer\HtmlMarkdownPrinter.vb,77,0,18,59,1,0,2,0,0,2977,2.98 KB
R-sharp\R#\Rsharp-netcore5.vbproj,R#\System\Document\Printer\ScriptFormatterPrinter.vb,96,0,14,82,1,0,0,6,0,4398,4.40 KB
R-sharp\R#\Rsharp-netcore5.vbproj,R#\System\Document\Printer\UnixManPagePrinter.vb,89,0,11,78,1,0,1,2,0,3680,3.68 KB
R-sharp\R#\Rsharp-netcore5.vbproj,R#\System\Document\ShellScript\ArgumentInfo.vb,53,3,11,39,1,0,1,2,0,1637,1.64 KB
R-sharp\R#\Rsharp-netcore5.vbproj,R#\System\Document\ShellScript\CommandLineArgument.vb,24,0,5,19,1,6,0,1,0,700,700 B
R-sharp\R#\Rsharp-netcore5.vbproj,R#\System\Document\ShellScript\DefaultFormatter.vb,46,0,8,38,1,0,0,3,0,1853,1.85 KB
R-sharp\R#\Rsharp-netcore5.vbproj,R#\System\Document\ShellScript\ShellScript.vb,475,16,85,374,1,2,31,5,0,20207,20.21 KB
R-sharp\R#\Rsharp-netcore5.vbproj,R#\System\Package\ImportsPackage.vb,267,35,38,194,1,0,3,7,0,10877,10.88 KB
R-sharp\R#\Rsharp-netcore5.vbproj,R#\System\Package\LibDLL.vb,132,16,18,98,1,0,0,3,0,5235,5.24 KB
R-sharp\R#\Rsharp-netcore5.vbproj,R#\System\Package\Package.vb,145,25,23,97,1,7,2,5,0,4801,4.80 KB
R-sharp\R#\Rsharp-netcore5.vbproj,R#\System\Package\PackageLoader.vb,78,18,10,50,1,0,0,4,0,3027,3.03 KB
R-sharp\R#\Rsharp-netcore5.vbproj,R#\System\Package\PackageManager.vb,393,126,62,205,1,2,6,12,0,18714,18.71 KB
R-sharp\R#\Rsharp-netcore5.vbproj,R#\System\Package\zzz.vb,56,15,8,33,1,0,2,0,0,1974,1.97 KB
R-sharp\R#\Rsharp-netcore5.vbproj,R#\System\Package\Database\LocalPackageDatabase.vb,125,21,16,88,1,4,0,8,0,4818,4.82 KB
R-sharp\R#\Rsharp-netcore5.vbproj,R#\System\Package\Database\PackageLoaderEntry.vb,147,40,19,88,2,10,1,3,0,4983,4.98 KB
R-sharp\R#\Rsharp-netcore5.vbproj,R#\System\Package\NuGet\Repository.vb,50,20,9,21,1,0,0,3,0,1918,1.92 KB
R-sharp\R#\Rsharp-netcore5.vbproj,R#\System\Package\NuGet\metadata\coreProperties.vb,83,0,17,66,2,6,1,2,0,3950,3.95 KB
R-sharp\R#\Rsharp-netcore5.vbproj,R#\System\Package\NuGet\metadata\nuspec.vb,387,259,24,104,6,29,0,5,0,16218,16.22 KB
R-sharp\R#\Rsharp-netcore5.vbproj,R#\System\Package\NuGet\metadata\OpenXMLSolver.vb,28,0,5,23,1,0,0,3,0,1434,1.43 KB
R-sharp\R#\Rsharp-netcore5.vbproj,R#\System\Package\NuGet\web\Search.vb,44,0,10,34,4,21,0,0,0,1342,1.34 KB
R-sharp\R#\Rsharp-netcore5.vbproj,R#\System\Package\NuGet\web\WebRequest.vb,43,3,10,30,2,0,3,1,0,1353,1.35 KB
R-sharp\R#\Rsharp-netcore5.vbproj,R#\System\Package\PackageFile\AssemblyPack.vb,69,19,9,41,1,3,0,4,0,2592,2.59 KB
R-sharp\R#\Rsharp-netcore5.vbproj,R#\System\Package\PackageFile\CreatePackage.vb,501,53,75,373,1,0,0,13,0,20378,20.38 KB
R-sharp\R#\Rsharp-netcore5.vbproj,R#\System\Package\PackageFile\Dependency.vb,63,4,11,48,1,2,3,2,0,2414,2.41 KB
R-sharp\R#\Rsharp-netcore5.vbproj,R#\System\Package\PackageFile\DESCRIPTION.vb,91,8,11,72,1,11,0,3,0,3493,3.49 KB
R-sharp\R#\Rsharp-netcore5.vbproj,R#\System\Package\PackageFile\PackageLoader.vb,303,52,48,203,1,0,0,9,0,11815,11.81 KB
R-sharp\R#\Rsharp-netcore5.vbproj,R#\System\Package\PackageFile\PackageModel.vb,386,25,67,294,1,8,8,2,0,16185,16.18 KB
R-sharp\R#\Rsharp-netcore5.vbproj,R#\System\Package\PackageFile\PackageNamespace.vb,103,19,15,69,1,10,2,4,0,4096,4.10 KB
R-sharp\R#\Rsharp-netcore5.vbproj,R#\System\Package\PackageFile\Expression\RAnnotation.vb,43,0,9,34,1,0,2,1,0,1674,1.67 KB
R-sharp\R#\Rsharp-netcore5.vbproj,R#\System\Package\PackageFile\Expression\RBinary.vb,102,0,12,90,1,0,2,4,0,4575,4.58 KB
R-sharp\R#\Rsharp-netcore5.vbproj,R#\System\Package\PackageFile\Expression\RBreakControls.vb,44,3,7,34,1,0,2,1,0,1618,1.62 KB
R-sharp\R#\Rsharp-netcore5.vbproj,R#\System\Package\PackageFile\Expression\RCallFunction.vb,187,0,31,156,1,0,2,9,0,8816,8.82 KB
R-sharp\R#\Rsharp-netcore5.vbproj,R#\System\Package\PackageFile\Expression\RClosure.vb,61,3,12,46,1,0,3,1,0,2377,2.38 KB
R-sharp\R#\Rsharp-netcore5.vbproj,R#\System\Package\PackageFile\Expression\RCommandLine.vb,40,0,9,31,1,0,2,1,0,1475,1.48 KB
R-sharp\R#\Rsharp-netcore5.vbproj,R#\System\Package\PackageFile\Expression\RElse.vb,42,0,9,33,1,0,3,1,0,1662,1.66 KB
R-sharp\R#\Rsharp-netcore5.vbproj,R#\System\Package\PackageFile\Expression\RExpression.vb,48,15,8,25,1,0,2,1,0,1749,1.75 KB
R-sharp\R#\Rsharp-netcore5.vbproj,R#\System\Package\PackageFile\Expression\RExprLiteral.vb,39,0,9,30,1,0,2,1,0,1558,1.56 KB
R-sharp\R#\Rsharp-netcore5.vbproj,R#\System\Package\PackageFile\Expression\RFor.vb,66,0,14,52,1,0,3,1,0,2690,2.69 KB
R-sharp\R#\Rsharp-netcore5.vbproj,R#\System\Package\PackageFile\Expression\RFunction.vb,201,0,39,162,1,0,2,6,0,8820,8.82 KB
R-sharp\R#\Rsharp-netcore5.vbproj,R#\System\Package\PackageFile\Expression\RIf.vb,67,0,12,55,1,0,4,1,0,2789,2.79 KB
R-sharp\R#\Rsharp-netcore5.vbproj,R#\System\Package\PackageFile\Expression\RJSON.vb,60,3,12,45,1,0,2,1,0,2344,2.34 KB
R-sharp\R#\Rsharp-netcore5.vbproj,R#\System\Package\PackageFile\Expression\RLiteral.vb,103,0,14,89,1,0,4,3,0,4742,4.74 KB
R-sharp\R#\Rsharp-netcore5.vbproj,R#\System\Package\PackageFile\Expression\RRequire.vb,52,5,10,37,1,0,3,1,0,2117,2.12 KB
R-sharp\R#\Rsharp-netcore5.vbproj,R#\System\Package\PackageFile\Expression\RReturns.vb,37,0,9,28,1,0,2,1,0,1315,1.31 KB
R-sharp\R#\Rsharp-netcore5.vbproj,R#\System\Package\PackageFile\Expression\RStringInterpolation.vb,48,0,11,37,1,0,3,1,0,1803,1.80 KB
R-sharp\R#\Rsharp-netcore5.vbproj,R#\System\Package\PackageFile\Expression\RSymbol.vb,79,0,14,65,1,0,3,1,0,3169,3.17 KB
R-sharp\R#\Rsharp-netcore5.vbproj,R#\System\Package\PackageFile\Expression\RSymbolAssign.vb,99,2,20,77,1,0,4,3,0,4158,4.16 KB
R-sharp\R#\Rsharp-netcore5.vbproj,R#\System\Package\PackageFile\Expression\RSymbolIndex.vb,89,0,17,72,1,0,5,1,0,3790,3.79 KB
R-sharp\R#\Rsharp-netcore5.vbproj,R#\System\Package\PackageFile\Expression\RSymbolReference.vb,86,0,15,71,1,0,4,3,0,3768,3.77 KB
R-sharp\R#\Rsharp-netcore5.vbproj,R#\System\Package\PackageFile\Expression\RTryCatch.vb,47,0,9,38,1,0,3,1,0,2053,2.05 KB
R-sharp\R#\Rsharp-netcore5.vbproj,R#\System\Package\PackageFile\Expression\RTypeOf.vb,46,0,9,37,1,0,2,1,0,1715,1.72 KB
R-sharp\R#\Rsharp-netcore5.vbproj,R#\System\Package\PackageFile\Expression\RUnary.vb,72,0,13,59,1,0,4,1,0,2852,2.85 KB
R-sharp\R#\Rsharp-netcore5.vbproj,R#\System\Package\PackageFile\Expression\RVector.vb,48,0,11,37,1,0,3,1,0,1750,1.75 KB
R-sharp\R#\Rsharp-netcore5.vbproj,R#\System\Package\PackageFile\FileSystem\PatternMatch.vb,33,7,6,20,1,0,1,2,0,1106,1.11 KB
R-sharp\R#\Rsharp-netcore5.vbproj,R#\System\Package\PackageFile\FileSystem\Rbuildignore.vb,69,22,11,36,2,0,1,3,0,2309,2.31 KB
R-sharp\R#\Rsharp-netcore5.vbproj,R#\System\Package\PackageFile\FileSystem\RegularMatch.vb,29,6,6,17,1,0,1,3,0,892,892 B
R-sharp\R#\Rsharp-netcore5.vbproj,R#\System\Package\PackageFile\Serialization\BlockReader.vb,134,6,28,100,1,3,1,7,0,6552,6.55 KB
R-sharp\R#\Rsharp-netcore5.vbproj,R#\System\Package\PackageFile\Serialization\ExpressionTypes.vb,74,6,16,52,1,0,0,0,0,1371,1.37 KB
R-sharp\R#\Rsharp-netcore5.vbproj,R#\System\Package\PackageFile\Serialization\Writer.vb,261,31,41,189,1,24,3,5,0,11456,11.46 KB
R-sharp\R#\Rsharp-netcore5.vbproj,R#\Test\argumentSequencetest.vb,24,1,6,17,1,0,2,0,0,673,673 B
R-sharp\R#\Rsharp-netcore5.vbproj,R#\Test\bufferTest.vb,91,64,27,0,0,0,0,0,0,2737,2.74 KB
R-sharp\R#\Rsharp-netcore5.vbproj,R#\Test\configTest.vb,20,0,6,14,1,0,2,0,0,417,417 B
R-sharp\R#\Rsharp-netcore5.vbproj,R#\Test\createException.vb,16,0,4,12,1,0,1,0,0,420,420 B
R-sharp\R#\Rsharp-netcore5.vbproj,R#\Test\debuggerTest.vb,13,0,4,9,1,0,1,0,0,285,285 B
R-sharp\R#\Rsharp-netcore5.vbproj,R#\Test\defaultValueTest.vb,44,0,13,31,2,1,3,0,0,1222,1.22 KB
R-sharp\R#\Rsharp-netcore5.vbproj,R#\Test\docTest.vb,22,2,5,15,1,0,2,0,0,531,531 B
R-sharp\R#\Rsharp-netcore5.vbproj,R#\Test\interoptest.vb,95,7,22,66,3,1,4,2,0,2900,2.90 KB
R-sharp\R#\Rsharp-netcore5.vbproj,R#\Test\interpreterTest.vb,1305,21,367,917,5,0,89,0,0,28085,28.09 KB
R-sharp\R#\Rsharp-netcore5.vbproj,R#\Test\listObjectArgumentTest.vb,42,0,9,33,1,0,1,2,0,1485,1.49 KB
R-sharp\R#\Rsharp-netcore5.vbproj,R#\Test\makeObjecttest.vb,39,0,8,31,2,3,3,0,0,1161,1.16 KB
R-sharp\R#\Rsharp-netcore5.vbproj,R#\Test\nugetTest.vb,6,0,2,4,1,0,1,0,0,61,61 B
R-sharp\R#\Rsharp-netcore5.vbproj,R#\Test\operatorTest.vb,25,0,8,17,1,0,1,0,0,594,594 B
R-sharp\R#\Rsharp-netcore5.vbproj,R#\Test\scriptTest.vb,27,0,7,20,1,0,3,0,0,638,638 B
R-sharp\R#\Rsharp-netcore5.vbproj,R#\Test\tokenlicerTest.vb,195,4,60,131,1,0,18,0,0,4633,4.63 KB
R-sharp\R#\Rsharp-netcore5.vbproj,R#\Test\My Project\Application.Designer.vb,12,9,1,2,0,0,0,0,0,434,434 B
R-sharp\R#\Rsharp-netcore5.vbproj,R#\Test\My Project\AssemblyInfo.vb,36,15,6,15,0,0,0,0,0,1172,1.17 KB
R-sharp\R#\Rsharp-netcore5.vbproj,R#\Test\My Project\Resources.Designer.vb,63,23,8,32,1,2,0,0,0,2769,2.77 KB
R-sharp\R#\Rsharp-netcore5.vbproj,R#\Test\My Project\Settings.Designer.vb,74,9,12,53,2,2,1,0,0,2983,2.98 KB
R-sharp\R#\Rsharp-netcore5.vbproj,<project>,55499,10961,8049,36489,471,732,675,1538,12,2.21864E+06,2.22 MB
R-sharp\R#\Test\test.NET5.vbproj,Test\argumentSequencetest.vb,24,1,6,17,1,0,2,0,0,673,673 B
R-sharp\R#\Test\test.NET5.vbproj,Test\bufferTest.vb,91,64,27,0,0,0,0,0,0,2737,2.74 KB
R-sharp\R#\Test\test.NET5.vbproj,Test\configTest.vb,20,0,6,14,1,0,2,0,0,417,417 B
R-sharp\R#\Test\test.NET5.vbproj,Test\createException.vb,16,0,4,12,1,0,1,0,0,420,420 B
R-sharp\R#\Test\test.NET5.vbproj,Test\debuggerTest.vb,13,0,4,9,1,0,1,0,0,285,285 B
R-sharp\R#\Test\test.NET5.vbproj,Test\defaultValueTest.vb,44,0,13,31,2,1,3,0,0,1222,1.22 KB
R-sharp\R#\Test\test.NET5.vbproj,Test\docTest.vb,22,2,5,15,1,0,2,0,0,531,531 B
R-sharp\R#\Test\test.NET5.vbproj,Test\interoptest.vb,95,7,22,66,3,1,4,2,0,2900,2.90 KB
R-sharp\R#\Test\test.NET5.vbproj,Test\interpreterTest.vb,1305,21,367,917,5,0,89,0,0,28085,28.09 KB
R-sharp\R#\Test\test.NET5.vbproj,Test\listObjectArgumentTest.vb,42,0,9,33,1,0,1,2,0,1485,1.49 KB
R-sharp\R#\Test\test.NET5.vbproj,Test\makeObjecttest.vb,39,0,8,31,2,3,3,0,0,1161,1.16 KB
R-sharp\R#\Test\test.NET5.vbproj,Test\nugetTest.vb,6,0,2,4,1,0,1,0,0,61,61 B
R-sharp\R#\Test\test.NET5.vbproj,Test\operatorTest.vb,25,0,8,17,1,0,1,0,0,594,594 B
R-sharp\R#\Test\test.NET5.vbproj,Test\scriptTest.vb,27,0,7,20,1,0,3,0,0,638,638 B
R-sharp\R#\Test\test.NET5.vbproj,Test\tokenlicerTest.vb,195,4,60,131,1,0,18,0,0,4633,4.63 KB
R-sharp\R#\Test\test.NET5.vbproj,Test\My Project\Application.Designer.vb,12,9,1,2,0,0,0,0,0,434,434 B
R-sharp\R#\Test\test.NET5.vbproj,Test\My Project\AssemblyInfo.vb,36,15,6,15,0,0,0,0,0,1172,1.17 KB
R-sharp\R#\Test\test.NET5.vbproj,Test\My Project\Resources.Designer.vb,63,23,8,32,1,2,0,0,0,2769,2.77 KB
R-sharp\R#\Test\test.NET5.vbproj,Test\My Project\Settings.Designer.vb,74,9,12,53,2,2,1,0,0,2983,2.98 KB
R-sharp\R#\Test\test.NET5.vbproj,<project>,2149,155,575,1419,25,9,132,4,0,53200,53.20 KB
R-sharp\Rscript\Rscript-windows-host.vbproj,Rscript\Program.vb,142,18,23,101,1,0,0,3,0,5666,5.67 KB
R-sharp\Rscript\Rscript-windows-host.vbproj,Rscript\CLI\CLI.vb,154,4,22,128,1,0,0,4,0,6045,6.04 KB
R-sharp\Rscript\Rscript-windows-host.vbproj,Rscript\CLI\IPC.vb,278,23,35,220,1,0,0,3,0,11986,11.99 KB
R-sharp\Rscript\Rscript-windows-host.vbproj,Rscript\CLI\Parallel.vb,87,9,14,64,1,0,0,1,0,3678,3.68 KB
R-sharp\Rscript\Rscript-windows-host.vbproj,Rscript\My Project\Application.Designer.vb,12,9,1,2,0,0,0,0,0,440,440 B
R-sharp\Rscript\Rscript-windows-host.vbproj,Rscript\My Project\Resources.Designer.vb,63,23,8,32,1,2,0,0,0,2748,2.75 KB
R-sharp\Rscript\Rscript-windows-host.vbproj,<project>,736,86,103,547,5,2,0,11,0,30563,30.56 KB
R-sharp\Rscript\Rscript.NET5.vbproj,Rscript\Program.vb,142,18,23,101,1,0,0,3,0,5666,5.67 KB
R-sharp\Rscript\Rscript.NET5.vbproj,Rscript\CLI\CLI.vb,154,4,22,128,1,0,0,4,0,6045,6.04 KB
R-sharp\Rscript\Rscript.NET5.vbproj,Rscript\CLI\IPC.vb,278,23,35,220,1,0,0,3,0,11986,11.99 KB
R-sharp\Rscript\Rscript.NET5.vbproj,Rscript\CLI\Parallel.vb,87,9,14,64,1,0,0,1,0,3678,3.68 KB
R-sharp\Rscript\Rscript.NET5.vbproj,Rscript\My Project\Application.Designer.vb,12,9,1,2,0,0,0,0,0,440,440 B
R-sharp\Rscript\Rscript.NET5.vbproj,Rscript\My Project\Resources.Designer.vb,63,23,8,32,1,2,0,0,0,2748,2.75 KB
R-sharp\Rscript\Rscript.NET5.vbproj,<project>,736,86,103,547,5,2,0,11,0,30563,30.56 KB
R-sharp\snowFall\snowFall-netcore5.vbproj,snowFall\Lambda.vb,30,14,3,13,1,0,0,2,0,923,923 B
R-sharp\snowFall\snowFall-netcore5.vbproj,snowFall\Parallel.vb,282,61,34,187,1,0,0,7,0,10478,10.48 KB
R-sharp\snowFall\snowFall-netcore5.vbproj,snowFall\Context\ContextAnalysis.vb,15,3,5,7,1,0,0,2,0,485,485 B
R-sharp\snowFall\snowFall-netcore5.vbproj,snowFall\Context\RunParallel.vb,264,31,31,202,1,10,2,5,0,10552,10.55 KB
R-sharp\snowFall\snowFall-netcore5.vbproj,snowFall\Context\Serialization.vb,100,27,13,60,1,0,1,4,0,3672,3.67 KB
R-sharp\snowFall\snowFall-netcore5.vbproj,snowFall\Context\RPC\BootstrapSocket.vb,247,67,38,142,1,2,5,5,0,8758,8.76 KB
R-sharp\snowFall\snowFall-netcore5.vbproj,snowFall\Context\RPC\MasterContext.vb,162,40,26,96,1,2,5,4,0,6008,6.01 KB
R-sharp\snowFall\snowFall-netcore5.vbproj,snowFall\Context\RPC\Protocols.vb,60,0,14,46,3,4,6,0,0,1702,1.70 KB
R-sharp\snowFall\snowFall-netcore5.vbproj,snowFall\Context\RPC\RemoteEnvironment.vb,131,32,20,79,1,0,1,4,0,4677,4.68 KB
R-sharp\snowFall\snowFall-netcore5.vbproj,snowFall\My Project\Application.Designer.vb,12,9,1,2,0,0,0,0,0,423,423 B
R-sharp\snowFall\snowFall-netcore5.vbproj,snowFall\My Project\AssemblyInfo.vb,36,15,6,15,0,0,0,0,0,1181,1.18 KB
R-sharp\snowFall\snowFall-netcore5.vbproj,snowFall\My Project\Resources.Designer.vb,62,23,8,31,1,2,0,0,0,2707,2.71 KB
R-sharp\snowFall\snowFall-netcore5.vbproj,snowFall\My Project\Settings.Designer.vb,74,9,12,53,2,2,1,0,0,3008,3.01 KB
R-sharp\snowFall\snowFall-netcore5.vbproj,snowFall\Protocol\HostProtocol.vb,26,4,5,17,1,0,0,3,0,997,997 B
R-sharp\snowFall\snowFall-netcore5.vbproj,snowFall\Protocol\workerList.vb,7,0,2,5,1,3,0,0,0,150,150 B
R-sharp\snowFall\snowFall-netcore5.vbproj,snowFall\test\Program.vb,127,4,27,96,2,1,3,3,2,4415,4.42 KB
R-sharp\snowFall\snowFall-netcore5.vbproj,snowFall\test\My Project\Application.Designer.vb,12,9,1,2,0,0,0,0,0,434,434 B
R-sharp\snowFall\snowFall-netcore5.vbproj,snowFall\test\My Project\AssemblyInfo.vb,36,15,6,15,0,0,0,0,0,1047,1.05 KB
R-sharp\snowFall\snowFall-netcore5.vbproj,snowFall\test\My Project\Resources.Designer.vb,62,23,8,31,1,2,0,0,0,2766,2.77 KB
R-sharp\snowFall\snowFall-netcore5.vbproj,snowFall\test\My Project\Settings.Designer.vb,74,9,12,53,2,2,1,0,0,2996,3.00 KB
R-sharp\snowFall\snowFall-netcore5.vbproj,<project>,1819,395,272,1152,21,30,25,39,2,67379,67.38 KB
R-sharp\snowFall\test\test-netcore5.vbproj,test\Program.vb,127,4,27,96,2,1,3,3,2,4415,4.42 KB
R-sharp\snowFall\test\test-netcore5.vbproj,test\My Project\Application.Designer.vb,12,9,1,2,0,0,0,0,0,434,434 B
R-sharp\snowFall\test\test-netcore5.vbproj,test\My Project\AssemblyInfo.vb,36,15,6,15,0,0,0,0,0,1047,1.05 KB
R-sharp\snowFall\test\test-netcore5.vbproj,test\My Project\Resources.Designer.vb,62,23,8,31,1,2,0,0,0,2766,2.77 KB
R-sharp\snowFall\test\test-netcore5.vbproj,test\My Project\Settings.Designer.vb,74,9,12,53,2,2,1,0,0,2996,3.00 KB
R-sharp\snowFall\test\test-netcore5.vbproj,<project>,311,60,54,197,5,5,4,3,2,11658,11.66 KB
R-sharp\studio\MyRpkg\MyRpkg.vbproj,MyRpkg\Rpkg.vb,17,0,4,13,1,0,2,0,0,418,418 B
R-sharp\studio\MyRpkg\MyRpkg.vbproj,MyRpkg\zzz.vb,7,2,1,4,1,0,1,0,0,161,161 B
R-sharp\studio\MyRpkg\MyRpkg.vbproj,<project>,24,2,5,17,2,0,3,0,0,579,579 B
R-sharp\studio\R-terminal\R-cmd.NET5.vbproj,R-terminal\Program.vb,237,36,34,167,1,0,0,6,0,9473,9.47 KB
R-sharp\studio\R-terminal\R-cmd.NET5.vbproj,R-terminal\Terminal.vb,225,59,37,129,3,0,5,1,0,7569,7.57 KB
R-sharp\studio\R-terminal\R-cmd.NET5.vbproj,R-terminal\CLI\CLI.vb,147,2,24,121,1,0,0,6,0,5676,5.68 KB
R-sharp\studio\R-terminal\R-cmd.NET5.vbproj,R-terminal\CLI\Utils.vb,269,5,42,222,1,0,0,8,0,10286,10.29 KB
R-sharp\studio\R-terminal\R-cmd.NET5.vbproj,R-terminal\My Project\Resources.Designer.vb,63,23,8,32,1,2,0,0,0,2708,2.71 KB
R-sharp\studio\R-terminal\R-cmd.NET5.vbproj,<project>,941,125,145,671,7,2,5,21,0,35712,35.71 KB
R-sharp\studio\RData\RData.NET5.vbproj,RData\Parser.vb,161,28,23,110,1,0,0,7,0,5256,5.26 KB
R-sharp\studio\RData\RData.NET5.vbproj,RData\ParserXDR.vb,41,8,8,25,1,0,1,3,0,1198,1.20 KB
R-sharp\studio\RData\RData.NET5.vbproj,RData\Reader.vb,384,67,55,262,3,0,1,10,0,13987,13.99 KB
R-sharp\studio\RData\RData.NET5.vbproj,RData\Writer.vb,159,8,28,123,1,0,12,1,0,5649,5.65 KB
R-sharp\studio\RData\RData.NET5.vbproj,RData\Convertor\Constructor.vb,111,6,18,87,1,0,0,4,0,3940,3.94 KB
R-sharp\studio\RData\RData.NET5.vbproj,RData\Convertor\ConvertToR.vb,271,34,43,194,1,0,0,10,0,10179,10.18 KB
R-sharp\studio\RData\RData.NET5.vbproj,RData\Convertor\Deserializer.vb,14,0,5,9,1,0,0,1,0,297,297 B
R-sharp\studio\RData\RData.NET5.vbproj,RData\Convertor\RObjectSignature.vb,64,0,16,48,1,0,0,3,0,2001,2.00 KB
R-sharp\studio\RData\RData.NET5.vbproj,RData\Convertor\RStreamReader.vb,74,5,11,58,1,0,0,6,0,2956,2.96 KB
R-sharp\studio\RData\RData.NET5.vbproj,RData\Encoder\ByteEncoder.vb,73,5,15,53,1,0,5,1,0,2237,2.24 KB
R-sharp\studio\RData\RData.NET5.vbproj,RData\Enums\CharFlags.vb,21,9,2,10,1,0,0,0,0,503,503 B
R-sharp\studio\RData\RData.NET5.vbproj,RData\Enums\FileTypes.vb,32,18,3,11,1,0,0,0,0,849,849 B
R-sharp\studio\RData\RData.NET5.vbproj,RData\Enums\ObjectBitMask.vb,11,3,1,7,1,0,0,0,0,263,263 B
R-sharp\studio\RData\RData.NET5.vbproj,RData\Enums\RdataFormats.vb,24,12,3,9,1,0,0,0,0,539,539 B
R-sharp\studio\RData\RData.NET5.vbproj,RData\Enums\RObjectType.vb,134,96,4,34,1,0,0,0,0,3363,3.36 KB
R-sharp\studio\RData\RData.NET5.vbproj,RData\Models\EnvironmentValue.vb,16,3,4,9,1,0,0,0,0,354,354 B
R-sharp\studio\RData\RData.NET5.vbproj,RData\Models\RData.vb,28,9,5,14,1,0,0,1,0,897,897 B
R-sharp\studio\RData\RData.NET5.vbproj,RData\Models\RExtraInfo.vb,16,5,3,8,1,1,0,1,0,406,406 B
R-sharp\studio\RData\RData.NET5.vbproj,RData\Models\RObjectInfo.vb,78,3,13,62,1,7,0,2,0,2581,2.58 KB
R-sharp\studio\RData\RData.NET5.vbproj,RData\Models\RVersions.vb,17,3,4,10,1,0,0,1,0,421,421 B
R-sharp\studio\RData\RData.NET5.vbproj,RData\Models\LinkedList\ListNodeType.vb,19,10,1,8,1,0,0,0,0,519,519 B
R-sharp\studio\RData\RData.NET5.vbproj,RData\Models\LinkedList\RList.vb,105,19,12,74,1,6,0,2,0,3534,3.53 KB
R-sharp\studio\RData\RData.NET5.vbproj,RData\Models\LinkedList\RObject.vb,55,3,6,46,1,7,0,1,0,1901,1.90 KB
R-sharp\studio\RData\RData.NET5.vbproj,RData\My Project\Resources.Designer.vb,63,23,8,32,1,2,0,0,0,2752,2.75 KB
R-sharp\studio\RData\RData.NET5.vbproj,RData\test\Module1.vb,240,9,132,99,1,0,7,0,0,4399,4.40 KB
R-sharp\studio\RData\RData.NET5.vbproj,RData\test\My Project\Application.Designer.vb,12,9,1,2,0,0,0,0,0,434,434 B
R-sharp\studio\RData\RData.NET5.vbproj,RData\test\My Project\AssemblyInfo.vb,36,15,6,15,0,0,0,0,0,1047,1.05 KB
R-sharp\studio\RData\RData.NET5.vbproj,RData\test\My Project\Resources.Designer.vb,62,23,8,31,1,2,0,0,0,2766,2.77 KB
R-sharp\studio\RData\RData.NET5.vbproj,RData\test\My Project\Settings.Designer.vb,74,9,12,53,2,2,1,0,0,2994,2.99 KB
R-sharp\studio\RData\RData.NET5.vbproj,<project>,2395,442,450,1503,30,27,27,54,0,78222,78.22 KB
R-sharp\studio\RData\test\test5.vbproj,test\Module1.vb,240,9,132,99,1,0,7,0,0,4399,4.40 KB
R-sharp\studio\RData\test\test5.vbproj,test\My Project\Application.Designer.vb,12,9,1,2,0,0,0,0,0,434,434 B
R-sharp\studio\RData\test\test5.vbproj,test\My Project\AssemblyInfo.vb,36,15,6,15,0,0,0,0,0,1047,1.05 KB
R-sharp\studio\RData\test\test5.vbproj,test\My Project\Resources.Designer.vb,62,23,8,31,1,2,0,0,0,2766,2.77 KB
R-sharp\studio\RData\test\test5.vbproj,test\My Project\Settings.Designer.vb,74,9,12,53,2,2,1,0,0,2994,2.99 KB
R-sharp\studio\RData\test\test5.vbproj,<project>,424,65,159,200,4,4,8,0,0,11640,11.64 KB
R-sharp\studio\Rserve\Rserve.NET5.vbproj,Rserve\Program.vb,76,7,10,59,1,0,0,4,0,3026,3.03 KB
R-sharp\studio\Rserve\Rserve.NET5.vbproj,Rserve\My Project\Application.Designer.vb,12,9,1,2,0,0,0,0,0,423,423 B
R-sharp\studio\Rserve\Rserve.NET5.vbproj,Rserve\My Project\AssemblyInfo.vb,36,15,6,15,0,0,0,0,0,1262,1.26 KB
R-sharp\studio\Rserve\Rserve.NET5.vbproj,Rserve\My Project\Resources.Designer.vb,62,23,8,31,1,2,0,0,0,2701,2.70 KB
R-sharp\studio\Rserve\Rserve.NET5.vbproj,Rserve\My Project\Settings.Designer.vb,75,9,13,53,2,2,1,0,0,2989,2.99 KB
R-sharp\studio\Rserve\Rserve.NET5.vbproj,<project>,261,63,38,160,4,4,1,4,0,10401,10.40 KB
R-sharp\studio\Rserver\Rserver.NET5.vbproj,Rserver\RInvoke.vb,14,3,3,8,1,4,0,0,0,446,446 B
R-sharp\studio\Rserver\Rserver.NET5.vbproj,Rserver\Rscript.vb,257,94,24,139,1,0,1,1,0,11440,11.44 KB
R-sharp\studio\Rserver\Rserver.NET5.vbproj,Rserver\Rserver.vb,151,54,19,78,1,0,1,1,0,5543,5.54 KB
R-sharp\studio\Rserver\Rserver.NET5.vbproj,Rserver\My Project\Application.Designer.vb,12,9,1,2,0,0,0,0,0,423,423 B
R-sharp\studio\Rserver\Rserver.NET5.vbproj,Rserver\My Project\AssemblyInfo.vb,36,15,6,15,0,0,0,0,0,1177,1.18 KB
R-sharp\studio\Rserver\Rserver.NET5.vbproj,Rserver\My Project\Resources.Designer.vb,62,23,8,31,1,2,0,0,0,2706,2.71 KB
R-sharp\studio\Rserver\Rserver.NET5.vbproj,Rserver\My Project\Settings.Designer.vb,74,9,12,53,2,2,1,0,0,3004,3.00 KB
R-sharp\studio\Rserver\Rserver.NET5.vbproj,Rserver\RSession\RSession.vb,57,1,15,41,1,0,4,1,0,1894,1.89 KB
R-sharp\studio\Rserver\Rserver.NET5.vbproj,Rserver\RSession\RSessionBackend.vb,124,4,27,93,1,0,3,2,0,4441,4.44 KB
R-sharp\studio\Rserver\Rserver.NET5.vbproj,Rserver\Rweb\RCallbackMessage.vb,101,0,15,86,1,0,2,0,0,4085,4.08 KB
R-sharp\studio\Rserver\Rserver.NET5.vbproj,Rserver\Rweb\RProcessor.vb,194,36,27,131,1,0,6,2,0,7600,7.60 KB
R-sharp\studio\Rserver\Rserver.NET5.vbproj,Rserver\Rweb\Rweb.vb,122,11,19,92,1,3,4,3,0,4451,4.45 KB
R-sharp\studio\Rserver\Rserver.NET5.vbproj,<project>,1204,259,176,769,11,11,22,10,0,47210,47.21 KB
R-sharp\studio\Rsharp_IL\IronCodeDom\IronCodeDom.vbproj,IronCodeDom\PythonCodeDOM.vb,32,0,8,24,1,3,2,2,0,953,953 B
R-sharp\studio\Rsharp_IL\IronCodeDom\IronCodeDom.vbproj,IronCodeDom\BlockTags\AcceptorTag.vb,13,0,4,9,1,1,0,1,0,449,449 B
R-sharp\studio\Rsharp_IL\IronCodeDom\IronCodeDom.vbproj,IronCodeDom\BlockTags\ClosureTag.vb,19,0,5,14,1,1,0,1,0,625,625 B
R-sharp\studio\Rsharp_IL\IronCodeDom\IronCodeDom.vbproj,IronCodeDom\BlockTags\ForTag.vb,29,0,6,23,1,3,0,1,0,1271,1.27 KB
R-sharp\studio\Rsharp_IL\IronCodeDom\IronCodeDom.vbproj,IronCodeDom\BlockTags\FunctionTag.vb,19,0,5,14,1,3,0,2,0,718,718 B
R-sharp\studio\Rsharp_IL\IronCodeDom\IronCodeDom.vbproj,IronCodeDom\BlockTags\IfTag.vb,25,0,8,17,2,3,0,2,0,854,854 B
R-sharp\studio\Rsharp_IL\IronCodeDom\IronCodeDom.vbproj,IronCodeDom\BlockTags\UsingTag.vb,18,0,5,13,1,3,0,1,0,650,650 B
R-sharp\studio\Rsharp_IL\IronCodeDom\IronCodeDom.vbproj,<project>,155,0,41,114,8,17,2,10,0,5520,5.52 KB
R-sharp\studio\Rsharp_IL\njl\njl.vbproj,njl\JuliaScriptLoader.vb,67,5,10,52,1,1,1,2,0,2560,2.56 KB
R-sharp\studio\Rsharp_IL\njl\njl.vbproj,njl\Language\InternalParser.vb,68,17,9,42,1,0,0,2,0,3208,3.21 KB
R-sharp\studio\Rsharp_IL\njl\njl.vbproj,njl\Language\JlScanner.vb,30,0,6,24,1,0,1,0,0,1057,1.06 KB
R-sharp\studio\Rsharp_IL\njl\njl.vbproj,njl\Language\SyntaxTree.vb,297,16,50,231,1,0,12,2,0,11466,11.47 KB
R-sharp\studio\Rsharp_IL\njl\njl.vbproj,njl\Runtime\c.vb,7,0,3,4,1,0,0,0,0,92,92 B
R-sharp\studio\Rsharp_IL\njl\njl.vbproj,njl\Runtime\io.vb,128,35,12,81,1,0,1,3,0,4568,4.57 KB
R-sharp\studio\Rsharp_IL\njl\njl.vbproj,njl\Runtime\math.vb,37,5,5,27,1,0,0,1,0,1333,1.33 KB
R-sharp\studio\Rsharp_IL\njl\njl.vbproj,<project>,634,78,95,461,7,1,15,10,0,24284,24.28 KB
R-sharp\studio\Rsharp_IL\npy\npy.vbproj,npy\PythonScriptLoader.vb,61,5,9,47,1,1,0,2,0,2395,2.40 KB
R-sharp\studio\Rsharp_IL\npy\npy.vbproj,npy\Expressions\PipelineFunction.vb,89,7,13,69,1,4,1,3,0,3356,3.36 KB
R-sharp\studio\Rsharp_IL\npy\npy.vbproj,npy\Language\InternalParser.vb,148,9,25,114,1,0,0,5,0,6689,6.69 KB
R-sharp\studio\Rsharp_IL\npy\npy.vbproj,npy\Language\PyScanner.vb,47,4,10,33,1,0,1,1,0,1704,1.70 KB
R-sharp\studio\Rsharp_IL\npy\npy.vbproj,npy\Language\PythonLine.vb,28,0,7,21,1,1,1,1,0,770,770 B
R-sharp\studio\Rsharp_IL\npy\npy.vbproj,npy\Language\SyntaxTree.vb,388,19,55,314,1,0,12,2,0,14405,14.40 KB
R-sharp\studio\Rsharp_IL\npy\npy.vbproj,npy\Language\Implements\FunctionInvokeSyntax.vb,6,0,2,4,1,0,0,0,0,101,101 B
R-sharp\studio\Rsharp_IL\npy\npy.vbproj,npy\Language\Implements\ValueAssignSyntax.vb,130,9,21,100,1,0,0,2,0,5530,5.53 KB
R-sharp\studio\Rsharp_IL\npy\npy.vbproj,npy\test\jlTest.vb,132,1,33,98,1,0,9,0,0,2257,2.26 KB
R-sharp\studio\Rsharp_IL\npy\npy.vbproj,npy\test\Program.vb,91,1,28,62,1,0,6,0,0,1839,1.84 KB
R-sharp\studio\Rsharp_IL\npy\npy.vbproj,npy\test\test.vb,213,2,86,125,1,0,12,0,0,4563,4.56 KB
R-sharp\studio\Rsharp_IL\npy\npy.vbproj,<project>,1333,57,289,987,11,6,42,16,0,43609,43.61 KB
R-sharp\studio\Rsharp_IL\npy\test\test.vbproj,test\jlTest.vb,132,1,33,98,1,0,9,0,0,2257,2.26 KB
R-sharp\studio\Rsharp_IL\npy\test\test.vbproj,test\Program.vb,91,1,28,62,1,0,6,0,0,1839,1.84 KB
R-sharp\studio\Rsharp_IL\npy\test\test.vbproj,test\test.vb,213,2,86,125,1,0,12,0,0,4563,4.56 KB
R-sharp\studio\Rsharp_IL\npy\test\test.vbproj,<project>,436,4,147,285,3,0,27,0,0,8659,8.66 KB
R-sharp\studio\Rsharp_IL\nts\nts.vbproj,nts\TypeScriptLoader.vb,22,0,6,16,1,1,0,2,0,650,650 B
R-sharp\studio\Rsharp_IL\nts\nts.vbproj,<project>,22,0,6,16,1,1,0,2,0,650,650 B
R-sharp\studio\Rsharp_kit\devkit\devkit-netcore5.vbproj,devkit\devkit.vb,150,26,20,104,1,0,1,12,0,5455,5.46 KB
R-sharp\studio\Rsharp_kit\devkit\devkit-netcore5.vbproj,devkit\github.vb,22,6,5,11,1,0,0,2,0,635,635 B
R-sharp\studio\Rsharp_kit\devkit\devkit-netcore5.vbproj,devkit\package.vb,150,25,18,107,1,0,1,8,0,5814,5.81 KB
R-sharp\studio\Rsharp_kit\devkit\devkit-netcore5.vbproj,devkit\sqlite.vb,84,16,12,56,1,0,0,3,0,3335,3.33 KB
R-sharp\studio\Rsharp_kit\devkit\devkit-netcore5.vbproj,devkit\zzz.vb,7,0,3,4,1,0,0,0,0,100,100 B
R-sharp\studio\Rsharp_kit\devkit\devkit-netcore5.vbproj,devkit\documents\devStudio.vb,94,6,21,67,1,0,1,1,0,4233,4.23 KB
R-sharp\studio\Rsharp_kit\devkit\devkit-netcore5.vbproj,devkit\documents\RDefinition.vb,11,0,4,7,1,0,1,0,0,255,255 B
R-sharp\studio\Rsharp_kit\devkit\devkit-netcore5.vbproj,devkit\documents\RFileHeader.vb,43,5,7,31,1,0,0,1,0,1520,1.52 KB
R-sharp\studio\Rsharp_kit\devkit\devkit-netcore5.vbproj,devkit\My Project\Application.Designer.vb,12,9,1,2,0,0,0,0,0,423,423 B
R-sharp\studio\Rsharp_kit\devkit\devkit-netcore5.vbproj,devkit\My Project\AssemblyInfo.vb,37,15,6,16,0,0,0,0,0,1309,1.31 KB
R-sharp\studio\Rsharp_kit\devkit\devkit-netcore5.vbproj,devkit\My Project\Resources.Designer.vb,63,23,8,32,1,2,0,0,0,2709,2.71 KB
R-sharp\studio\Rsharp_kit\devkit\devkit-netcore5.vbproj,devkit\My Project\Settings.Designer.vb,74,9,12,53,2,2,1,0,0,2988,2.99 KB
R-sharp\studio\Rsharp_kit\devkit\devkit-netcore5.vbproj,devkit\workflow\automation.vb,34,8,5,21,1,0,1,2,0,1105,1.10 KB
R-sharp\studio\Rsharp_kit\devkit\devkit-netcore5.vbproj,devkit\workflow\config.json.vb,114,12,25,77,1,0,1,5,0,3962,3.96 KB
R-sharp\studio\Rsharp_kit\devkit\devkit-netcore5.vbproj,<project>,895,160,147,588,13,4,7,34,0,33843,33.84 KB
R-sharp\studio\Rsharp_kit\MLkit\MLkit-netcore5.vbproj,MLkit\activation.vb,36,0,7,29,1,2,0,1,0,1507,1.51 KB
R-sharp\studio\Rsharp_kit\MLkit\MLkit-netcore5.vbproj,MLkit\CNN.vb,71,22,9,40,1,0,0,3,0,2442,2.44 KB
R-sharp\studio\Rsharp_kit\MLkit\MLkit-netcore5.vbproj,MLkit\hiddenMarkov.vb,163,10,28,125,1,0,1,14,0,5915,5.92 KB
R-sharp\studio\Rsharp_kit\MLkit\MLkit-netcore5.vbproj,MLkit\machineLearning.vb,541,107,59,375,1,0,2,22,0,22182,22.18 KB
R-sharp\studio\Rsharp_kit\MLkit\MLkit-netcore5.vbproj,MLkit\Manifold.vb,184,17,25,142,1,0,1,3,0,7318,7.32 KB
R-sharp\studio\Rsharp_kit\MLkit\MLkit-netcore5.vbproj,MLkit\NLP.vb,26,3,5,18,1,0,0,2,0,836,836 B
R-sharp\studio\Rsharp_kit\MLkit\MLkit-netcore5.vbproj,MLkit\ROC.vb,62,4,7,51,1,16,0,2,0,2185,2.19 KB
R-sharp\studio\Rsharp_kit\MLkit\MLkit-netcore5.vbproj,MLkit\SVM.vb,736,83,110,543,1,0,1,23,0,28257,28.26 KB
R-sharp\studio\Rsharp_kit\MLkit\MLkit-netcore5.vbproj,MLkit\tSNETool.vb,121,7,24,90,2,1,1,6,0,4025,4.03 KB
R-sharp\studio\Rsharp_kit\MLkit\MLkit-netcore5.vbproj,MLkit\validation.vb,139,0,15,124,1,0,1,6,0,6615,6.62 KB
R-sharp\studio\Rsharp_kit\MLkit\MLkit-netcore5.vbproj,MLkit\xgboost.vb,137,27,15,95,1,0,0,5,0,5631,5.63 KB
R-sharp\studio\Rsharp_kit\MLkit\MLkit-netcore5.vbproj,MLkit\zzz.vb,15,0,4,11,1,0,1,0,0,411,411 B
R-sharp\studio\Rsharp_kit\MLkit\MLkit-netcore5.vbproj,MLkit\dataMining\clustering.vb,785,165,86,534,3,0,2,21,0,32439,32.44 KB
R-sharp\studio\Rsharp_kit\MLkit\MLkit-netcore5.vbproj,MLkit\dataMining\dbscanResult.vb,14,0,2,12,2,4,0,0,0,324,324 B
R-sharp\studio\Rsharp_kit\MLkit\MLkit-netcore5.vbproj,MLkit\dataset\datasetKit.vb,335,37,41,257,1,0,1,15,0,13536,13.54 KB
R-sharp\studio\Rsharp_kit\MLkit\MLkit-netcore5.vbproj,MLkit\dataset\LabelledVector.vb,49,8,8,33,1,2,0,2,0,1721,1.72 KB
R-sharp\studio\Rsharp_kit\MLkit\MLkit-netcore5.vbproj,MLkit\GA\GAToolkit.vb,94,20,11,63,1,0,0,3,0,3798,3.80 KB
R-sharp\studio\Rsharp_kit\MLkit\MLkit-netcore5.vbproj,MLkit\GA\GeneralChromosome.vb,50,0,9,41,1,2,0,3,0,2108,2.11 KB
R-sharp\studio\Rsharp_kit\MLkit\MLkit-netcore5.vbproj,MLkit\My Project\Application.Designer.vb,12,9,1,2,0,0,0,0,0,423,423 B
R-sharp\studio\Rsharp_kit\MLkit\MLkit-netcore5.vbproj,MLkit\My Project\AssemblyInfo.vb,36,15,6,15,0,0,0,0,0,1302,1.30 KB
R-sharp\studio\Rsharp_kit\MLkit\MLkit-netcore5.vbproj,MLkit\My Project\Resources.Designer.vb,62,23,8,31,1,2,0,0,0,2704,2.70 KB
R-sharp\studio\Rsharp_kit\MLkit\MLkit-netcore5.vbproj,MLkit\My Project\Settings.Designer.vb,74,9,12,53,2,2,1,0,0,3002,3.00 KB
R-sharp\studio\Rsharp_kit\MLkit\MLkit-netcore5.vbproj,<project>,3742,566,492,2684,25,31,12,131,0,148681,148.68 KB
R-sharp\studio\Rsharp_kit\roxygenNet\roxygenNet-netcore5.vbproj,roxygenNet\docs.vb,235,13,37,185,1,0,0,6,0,9105,9.11 KB
R-sharp\studio\Rsharp_kit\roxygenNet\roxygenNet-netcore5.vbproj,roxygenNet\rdocumentation.vb,67,8,8,51,1,0,0,3,0,2555,2.56 KB
R-sharp\studio\Rsharp_kit\roxygenNet\roxygenNet-netcore5.vbproj,roxygenNet\roxygen.vb,150,31,21,98,1,0,2,3,0,6017,6.02 KB
R-sharp\studio\Rsharp_kit\roxygenNet\roxygenNet-netcore5.vbproj,roxygenNet\RoxygenDocument.vb,137,2,20,115,1,0,0,4,0,5321,5.32 KB
R-sharp\studio\Rsharp_kit\roxygenNet\roxygenNet-netcore5.vbproj,roxygenNet\My Project\Application.Designer.vb,12,9,1,2,0,0,0,0,0,423,423 B
R-sharp\studio\Rsharp_kit\roxygenNet\roxygenNet-netcore5.vbproj,roxygenNet\My Project\AssemblyInfo.vb,36,15,6,15,0,0,0,0,0,1130,1.13 KB
R-sharp\studio\Rsharp_kit\roxygenNet\roxygenNet-netcore5.vbproj,roxygenNet\My Project\Resources.Designer.vb,62,23,8,31,1,2,0,0,0,2709,2.71 KB
R-sharp\studio\Rsharp_kit\roxygenNet\roxygenNet-netcore5.vbproj,roxygenNet\My Project\Settings.Designer.vb,75,9,13,53,2,2,1,0,0,3014,3.01 KB
R-sharp\studio\Rsharp_kit\roxygenNet\roxygenNet-netcore5.vbproj,roxygenNet\Rd\ContentParser.vb,20,4,4,12,1,0,2,1,0,557,557 B
R-sharp\studio\Rsharp_kit\roxygenNet\roxygenNet-netcore5.vbproj,roxygenNet\Rd\DocParser.vb,106,17,15,74,3,0,2,2,0,3870,3.87 KB
R-sharp\studio\Rsharp_kit\roxygenNet\roxygenNet-netcore5.vbproj,roxygenNet\Rd\PlainTextParser.vb,26,0,6,20,1,0,2,1,0,602,602 B
R-sharp\studio\Rsharp_kit\roxygenNet\roxygenNet-netcore5.vbproj,roxygenNet\Rd\RcodeParser.vb,53,10,6,37,1,0,2,0,0,1617,1.62 KB
R-sharp\studio\Rsharp_kit\roxygenNet\roxygenNet-netcore5.vbproj,roxygenNet\Rd\RDocParser.vb,11,0,4,7,1,0,0,0,0,273,273 B
R-sharp\studio\Rsharp_kit\roxygenNet\roxygenNet-netcore5.vbproj,roxygenNet\Rd\RDoc\Collection.vb,15,0,6,9,2,3,0,0,0,375,375 B
R-sharp\studio\Rsharp_kit\roxygenNet\roxygenNet-netcore5.vbproj,roxygenNet\Rd\RDoc\ContentModel.vb,57,0,18,39,5,5,0,6,0,1206,1.21 KB
R-sharp\studio\Rsharp_kit\roxygenNet\roxygenNet-netcore5.vbproj,roxygenNet\Rd\RDoc\RDoc.vb,40,8,7,25,1,8,0,2,0,1239,1.24 KB
R-sharp\studio\Rsharp_kit\roxygenNet\roxygenNet-netcore5.vbproj,roxygenNet\rdocumentation\function.vb,310,0,43,267,1,0,0,6,0,14999,15.00 KB
R-sharp\studio\Rsharp_kit\roxygenNet\roxygenNet-netcore5.vbproj,roxygenNet\rdocumentation\package.vb,6,0,1,5,1,0,0,1,0,138,138 B
R-sharp\studio\Rsharp_kit\roxygenNet\roxygenNet-netcore5.vbproj,<project>,1418,149,224,1045,24,20,11,35,0,55150,55.15 KB
R-sharp\studio\Rsharp_kit\signalKit\signalKit-netcore5.vbproj,signalKit\signalProcessing.vb,147,12,21,114,1,0,1,6,0,6242,6.24 KB
R-sharp\studio\Rsharp_kit\signalKit\signalKit-netcore5.vbproj,signalKit\wav.vb,83,7,12,64,1,0,1,2,0,3492,3.49 KB
R-sharp\studio\Rsharp_kit\signalKit\signalKit-netcore5.vbproj,signalKit\My Project\Application.Designer.vb,12,9,1,2,0,0,0,0,0,423,423 B
R-sharp\studio\Rsharp_kit\signalKit\signalKit-netcore5.vbproj,signalKit\My Project\AssemblyInfo.vb,36,15,6,15,0,0,0,0,0,1285,1.28 KB
R-sharp\studio\Rsharp_kit\signalKit\signalKit-netcore5.vbproj,signalKit\My Project\Resources.Designer.vb,62,23,8,31,1,2,0,0,0,2708,2.71 KB
R-sharp\studio\Rsharp_kit\signalKit\signalKit-netcore5.vbproj,signalKit\My Project\Settings.Designer.vb,74,9,12,53,2,2,1,0,0,3010,3.01 KB
R-sharp\studio\Rsharp_kit\signalKit\signalKit-netcore5.vbproj,<project>,414,75,60,279,5,4,3,8,0,17160,17.16 KB
R-sharp\studio\Rsharp_kit\webKit\webKit.NET5.vbproj,webKit\FTP.vb,128,21,21,86,2,3,0,4,0,4691,4.69 KB
R-sharp\studio\Rsharp_kit\webKit\webKit.NET5.vbproj,webKit\GraphQuery.vb,60,23,6,31,1,0,0,2,0,2150,2.15 KB
R-sharp\studio\Rsharp_kit\webKit\webKit.NET5.vbproj,webKit\Html.vb,104,15,16,73,1,0,1,4,0,3729,3.73 KB
R-sharp\studio\Rsharp_kit\webKit\webKit.NET5.vbproj,webKit\URL.vb,425,90,49,286,3,1,3,17,0,16292,16.29 KB
R-sharp\studio\Rsharp_kit\webKit\webKit.NET5.vbproj,webKit\My Project\Resources.Designer.vb,63,23,8,32,1,2,0,0,0,2709,2.71 KB
R-sharp\studio\Rsharp_kit\webKit\webKit.NET5.vbproj,<project>,780,172,100,508,8,6,4,27,0,29571,29.57 KB
R-sharp\studio\Rstudio\Rstudio.NET5.vbproj,Rstudio\Diagnostics.vb,217,126,17,74,1,0,1,1,0,10230,10.23 KB
R-sharp\studio\Rstudio\Rstudio.NET5.vbproj,Rstudio\gtk.vb,119,31,8,80,1,0,0,3,0,4591,4.59 KB
R-sharp\studio\Rstudio\Rstudio.NET5.vbproj,<project>,336,157,25,154,2,0,1,4,0,14821,14.82 KB
D:\GCModeller\src\R-sharp,<root>,176050,32834,26166,117050,1512,1886,2112,4704,32,6.87723E+06,6.88 MB
